procs -----------memory---------- ---swap-- -----io---- -system-- -------cpu-------
 r  b   swpd   free   buff  cache   si   so    bi    bo   in   cs us sy id wa st gu
 2  0      0 8882340 438296 6651756    0    0   310   352 3105   12 28  2 67  2  1  0
 5  0      0 8789180 438816 6652396    0    0     0   125 4042 9256 37  3 59  0  1  0
 7  0      0 8723004 439936 6659656    0    0     0    36 21708 51617 79  8 11  0  1  0
 5  0      0 8716664 440240 6665744    0    0     0    33 19771 45120 76  7 15  0  2  0
 7  0      0 8717364 440272 6670036    0    0     0   435 15338 32531 70  5 24  0  1  0
 3  0      0 8710080 440272 6674228    0    0     0   487 16117 34181 64  5 29  0  2  0
 6  0      0 8695292 440404 6677452    0    0     0   495 17737 39038 70  8 20  0  2  0
 3  0      0 8695060 440484 6671072    0    0     7   176 12450 25709 66  7 26  0  2  0
 7  0      0 8664000 440804 6669312    0    0     0   584 9236 18442 78  5 15  0  1  0
 8  0      0 8701932 440984 6668664    0    0     0   244 10748 21773 75  6 18  0  2  0
 3  0      0 8690476 441064 6665368    0    0     0   155 8905 16927 52  5 41  0  1  0
 1  0      0 8706480 441088 6665824    0    0     0   240 7341 13578 49  5 45  0  2  0
 2  0      0 8701244 441120 6666392    0    0     0    41 8222 14317 37  6 54  0  3  0
 2  0      0 8738152 441140 6664872    0    0     0    59 6661 11469 43  4 51  0  2  0
 1  0      0 8757316 441140 6664940    0    0     0   146 2648 3926 29  2 68  0  1  0
 1  0      0 8772484 441140 6664980    0    0     0     8 1832 2484 27  1 71  0  1  0
 2  0      0 8751008 441140 6664392    0    0     0    15 1536 1991 27  1 71  0  1  0
 1  0      0 8761164 441140 6664400    0    0     0    64  417  167 25  0 74  0  0  0
 1  0      0 8775724 441140 6666652    0    0     0    13  443  189 25  0 74  0  0  0
 1  0      0 8768044 441140 6666976    0    0     0     8  453  206 25  0 74  0  0  0
 1  0      0 8768108 441140 6666936    0    0     0    92  379  113 24  0 74  0  1  0
 1  0      0 8775276 441140 6666936    0    0     0   202  381  120 25  0 75  0  0  0
 1  0      0 8770136 441140 6666948    0    0     0    35  403  133 25  0 74  0  0  0
 1  0      0 8767536 441140 6666984    0    0     0    64  547  349 26  1 73  0  0  0
 1  0      0 8765796 441140 6667024    0    0     0     5  528  297 26  1 73  0  1  0
 1  0      0 8790668 441140 6667056    0    0     0     5  631  427 27  1 72  0  0  0
 1  0      0 8792068 441140 6667056    0    0     0    38  492  266 25  0 74  0  0  0
 1  0      0 8791840 441140 6667188    0    0    11     4  746  324 41  1 57  0  1  0
 1  0      0 8798528 441140 6669016    0    0     0   106  421  152 25  0 74  0  0  0
 1  0      0 8799136 441140 6669944    0    0     0    83  447  212 25  0 74  0  0  0
 1  0      0 8799244 441140 6669980    0    0     0     5  388  135 25  0 75  0  0  0
 1  0      0 8799244 441140 6670028    0    0     0   109  386  119 25  0 75  0  0  0
 1  0      0 8772784 441140 6670108    0    0     0    75  455  210 25  1 74  0  0  0
 1  0      0 8791560 441760 6670880    0    0     0    56  426  175 24  1 74  0  0  0
 1  0      0 8788660 441760 6670924    0    0     0     9  468  236 26  0 74  0  0  0
 1  0      0 8564188 442624 6827320    0    0     0   267  629  361 28  2 70  0  0  0
 1  0      0 8585784 442880 6827652    0    0     0    25  609  405 26  1 73  0  0  0
 1  0      0 8616532 443128 6827848    0    0     0    58  702  478 26  1 73  0  1  0
 1  0      0 8616476 443296 6828128    0    0     0  4807  779  561 26  1 72  0  0  0
 1  0      0 8613976 443372 6834828    0    0     0 10650  673  412 25  1 73  0  1  0
 2  0      0 8601876 443500 6843180    0    0     0    47  778  377 32  2 66  0  1  0
 2  0      0 8597384 443544 6845200    0    0     0   358  973  364 49  2 48  0  1  0
 2  0      0 8584004 443644 6845800    0    0     0   349  986  382 49  2 48  0  1  0
 0  0      0 8603736 443932 6847400    0    0     0   951  813  548 28  1 69  0  1  0
 1  0      0 8596712 443932 6847428    0    0     0   425  682  664  3  1 96  0  0  0
 2  0      0 8560444 444000 6847928    0    0     0    50  998  397 48  2 50  0  1  0
 2  0      0 8510064 444012 6848808    0    0     4    89  769  402 34  2 64  0  1  0
 1  0      0 8566988 444012 6849168    0    0     0    80  695  374 34  1 64  0  1  0
 1  0      0 8568244 444024 6849628    0    0     0    50  494  252 26  1 73  0  1  0
 1  0      0 8563624 444100 6850084    0    0     0   103  707  445 24  2 73  0  1  0
 1  0      0 8570968 444124 6851524    0    0     0    11  560  352 26  1 73  0  0  0
 1  0      0 8575836 444156 6852392    0    0     0   130 1924 3197  9  1 89  0  0  0
 1  0      0 8563000 444316 6852636    0    0     0    40 1450 2234 10  1 88  0  0  0
 0  0      0 8536076 444320 6852908    0    0     0    16 1318 1910  4  1 95  0  0  0
 0  0      0 8557120 444324 6853040    0    0     0   266 1287 1834 10  1 88  0  1  0
 1  0      0 8537532 444328 6853080    0    0     0    22 1375 1990  3  1 96  0  1  0
 1  0      0 8534144 444336 6853220    0    0     0    31 1400 2078  5  1 94  0  0  0
 1  0      0 8478400 444336 6853236    0    0     0    50 1509 2036 14  1 84  0  0  0
 0  0      0 8526076 444340 6853328    0    0     0    47 1383 2011  9  1 90  0  0  0
 0  0      0 8538452 444344 6853404    0    0     0    16 1317 1957  5  1 94  0  0  0
 0  0      0 8535952 444344 6853484    0    0     0    42 1415 2089  2  1 97  0  0  0
 0  0      0 8528876 444348 6853600    0    0     0     6 1384 2030  5  1 94  0  0  0
 0  0      0 8529752 444348 6853568    0    0     0     8 1386 2064  2  1 97  0  0  0
 1  0      0 8521620 444352 6853720    0    0     0    51 1453 2138  5  1 94  0  0  0
 0  0      0 8524108 444356 6853812    0    0     0    10 1342 1991  5  1 94  0  0  0
 0  0      0 8544980 444356 6853864    0    0     0     8 1439 2137  3  1 96  0  0  0
 1  0      0 8550788 444376 6853884    0    0     0    43  725  741 18  1 81  0  0  0
 1  0      0 8313016 444376 6853944    0    0     0     6  484  250 25  1 74  0  0  0
 1  0      0 8300668 444376 6853968    0    0     0     8  501  259 26  1 73  0  0  0
 1  0      0 8288200 444448 6854108    0    0     0    47  511  294 26  1 73  0  1  0
 1  0      0 8296512 444448 6854260    0    0     0     9  474  222 25  0 74  0  0  0
 1  1      0 8238324 444616 6772008    0    0     0     3 2158 2983 33  4 60  2  1  0
 2  0      0 8503488 444616 6637492    0    0     7    14 2900 4249 28  3 64  4  1  0
 1  0      0 8488216 444768 6639748    0    0     0   917  847  476 34  2 63  0  1  0
 2  0      0 8461996 445684 6643956    0    0     0    40 1313  889 22  7 69  0  1  0
 1  0      0 8414984 445684 6644084    0    0     0    63  564  297 30  1 69  0  0  0
 1  0      0 8378388 445692 6645164    0    0     0   497  458  205 25  0 74  0  0  0
 1  0      0 8352432 445696 6645292    0    0     0   516  581  238 31  2 66  0  0  0
 1  0      0 8444988 445696 6645320    0    0     0   122  465  217 25  0 74  0  1  0
 1  0      0 8444384 445708 6645436    0    0     0   119  513  277 26  1 73  0  0  0
 1  0      0 8412908 445708 6645836    0    0     0   101  923  367 30  2 69  0  0  0
 2  0      0 8386952 445708 6645860    0    0     0    12  648  253 32  1 66  0  1  0
 1  0      0 8504324 445840 6540496    0    0     0   292 3083 4068 31  5 59  4  1  0
 1  0      0 8488524 445952 6546724    0    0     0    67  523  258 25  1 74  0  0  0
 1  0      0 8531620 448544 6548156    0    0     0    10  519  286 24  1 74  0  0  0
 2  0      0 8437512 448568 6548328    0    0     0   750  664  275 35  2 62  0  1  0
 2  0      0 8412928 448744 6550872    0    0     0   630  886  312 48  2 49  0  1  0
 1  0      0 8473088 448788 6553736    0    0     0   170  895  382 49  2 49  0  1  0
 1  0      0 8543868 448920 6553884    0    0     0   283  694  518 20  1 78  0  0  0
 1  0      0 8546416 449232 6555776    0    0     0   113  491  231 25  1 74  0  0  0
 1  0      0 8542092 449644 6560344    0    0     0   484  454  170 25  1 74  0  0  0
 1  0      0 8542092 449644 6560364    0    0     0   186  460  218 25  0 74  0  0  0
 1  0      0 8535036 449644 6560388    0    0     0   187  443  197 25  0 74  0  0  0
 1  0      0 8544368 449644 6560400    0    0     0   432  418  139 25  0 74  0  0  0
 1  0      0 8545032 449644 6560420    0    0     0     2  479  215 25  0 74  0  0  0
 1  0      0 8534604 449644 6560460    0    0     0    35  602  367 27  1 72  0  0  0
 1  0      0 8537272 450120 6562324    0    0     0     9  981  921 24  3 72  0  1  0
 0  0      0 8536452 450340 6562600    0    0     0    12  550  435  6  1 93  0  0  0
 1  0      0 8512372 451976 6565720    0    0     0   166 1541 1300 18  8 73  0  1  0
 1  0      0 8490740 452568 6566884    0    0     2    15  916  719 15  4 80  0  1  0
 1  0      0 8521256 452688 6567004    0    0     0   194  606  370 25  1 73  0  1  0
 1  0      0 8525372 452812 6570704    0    0     0   505  590  363 26  1 73  0  0  0
 1  0      0 8527692 452940 6574480    0    0     0   203  620  367 27  1 72  0  1  0
 1  1      0 8524532 453068 6578332    0    0     1    12  703  489 25  1 71  0  3  0
 1  0      0 8521128 453192 6582356    0    0     0   363  472  243 26  0 74  0  0  0
 1  0      0 8518972 453320 6586272    0    0     0   380  491  271 26  0 74  0  0  0
 1  0      0 8506436 453328 6586420    0    0     0   504  589  325 23  3 74  0  0  0
 1  0      0 8500112 453652 6587884    0    0     0   536  490  263 25  1 74  0  0  0
 1  0      0 8502896 453844 6595056    0    0     0   397  467  231 25  0 74  0  0  0
 1  0      0 8499820 453916 6598920    0    0     0    65  503  304 26  0 74  0  0  0
 0  0      0 8895976 453916 6596964    0    0     0   232  845 1000  6  4 89  0  0  0
 0  0      0 8906928 453916 6596980    0    0     0   688  201  204  1  0 99  0  0  0
 0  0      0 8906928 453916 6596984    0    0     0   262  125  115  0  0 100  0  0  0
 0  0      0 8900184 453916 6597008    0    0     0     8  207  210  1  0 99  0  0  0
 0  0      0 8892860 453916 6597088    0    0     0    34  296  311  2  1 98  0  0  0
 0  0      0 8900924 453916 6597116    0    0     0     4  392  395  2  1 97  0  0  0
 0  0      0 8901520 453916 6597160    0    0     0    10  429  435  2  1 97  0  0  0
 0  0      0 8904104 453916 6597160    0    0     0    37  156  152  0  0 100  0  0  0
 0  0      0 8894236 453916 6597196    0    0     0     4  336  335  1  1 98  0  0  0
 0  0      0 8887512 453916 6597208    0    0     0     3  267  250  1  0 99  0  0  0
 0  0      0 8887692 453916 6597224    0    0     0    22  350  354  2  0 98  0  0  0
 0  0      0 8881348 453916 6597264    0    0     0    11  393  357  1  0 98  0  0  0
 0  0      0 8867956 453928 6597520    0    0     0    23  644  695  2  1 97  0  0  0
 0  0      0 8868076 454064 6597960    0    0     0    41 1365 1989  2  1 96  0  1  0
 1  0      0 8895444 454128 6598168    0    0     0   114 1077 1391  3  1 96  0  1  0
 0  0      0 8915712 454180 6597588    0    0     0    18  697  901  2  1 96  0  0  0
 0  0      0 8917140 454180 6597544    0    0     0    16  339  341  1  0 99  0  0  0
 0  0      0 8904452 454180 6597556    0    0     0    50  321  326  1  1 98  0  0  0
 0  0      0 8894428 454180 6597612    0    0     1     8  195  193  1  0 99  0  0  0
 1  0      0 8912536 454316 6597500    0    0    13     2  247  243  1  0 99  0  0  0
 0  0      0 8903380 454316 6597656    0    0     0    29  393  415  2  1 97  0  0  0
 0  0      0 8901876 454316 6597676    0    0     0    14  331  335  1  0 98  0  0  0
 0  0      0 8900392 454316 6597708    0    0     0     4  323  326  2  1 97  0  0  0
 0  0      0 8876944 454316 6597736    0    0     0     8  346  348  1  0 98  0  0  0
 0  0      0 8893916 454316 6597752    0    0     0    25  355  338  1  0 98  0  0  0
 0  0      0 8903804 454444 6597976    0    0    29     4  426  429  2  1 97  0  0  0
 0  0      0 8896864 454444 6598220    0    0     0    42 1049 1472  3  1 96  0  0  0
 0  0      0 8896612 454444 6598552    0    0     0    33 1192 1733  2  1 97  0  0  0
 1  0      0 8911444 454444 6598180    0    0     0   148 1091 1560  2  1 96  0  1  0
 0  0      0 8899096 454444 6598544    0    0     0    42 1234 1835  1  1 98  0  0  0
 0  0      0 8902500 454444 6598068    0    0     0    31  950 1336  2  1 97  0  0  0
 0  0      0 8897544 454444 6598252    0    0     0    80  455  453  2  1 97  0  0  0
 0  0      0 8891608 454444 6598664    0    0     0    45  616  756  2  1 97  0  0  0
 0  0      0 8878700 454444 6599692    0    0     0    79 2191 3247  6  1 93  0  1  0
 0  0      0 8858980 454444 6600088    0    0     0   225 1480 2088  3  1 96  0  0  0
 0  0      0 8884692 454444 6599084    0    0     0    96 2519 3684  7  2 90  0  1  0
 0  0      0 8877196 454444 6599884    0    0     0    65 1896 2730  5  1 94  0  1  0
 0  0      0 8907828 454444 6598628    0    0     0   276 1449 1957  5  1 93  0  1  0
 0  0      0 8900784 454444 6598628    0    0     0     3  160  140  0  0 99  0  0  0
 0  0      0 8914484 454444 6598628    0    0     0     0  129  120  0  0 100  0  0  0
 0  0      0 8919552 454580 6598724    0    0    14   155  441  473  2  1 97  0  0  0
 0  0      0 8914284 454580 6598752    0    0     0    52  242  251  1  0 98  0  1  0
 0  0      0 8912708 454580 6598760    0    0     0     2  186  175  1  0 99  0  0  0
 0  0      0 8880708 454612 6599140    0    0     0   156 8110 15170 13  4 83  0  1  0
 1  0      0 8864104 454636 6599348    0    0     0    63 2246 3381  4  2 94  0  1  0
 0  0      0 8857608 454748 6599772    0    0     0    33 1634 2311  6  1 92  0  1  0
 1  0      0 8857316 454776 6599504    0    0     0   162 2529 3922  5  2 92  0  1  0
 1  0      0 8862060 454776 6599300    0    0     0     8 1840 2504 18  2 79  0  1  0
 0  0      0 8852620 454792 6599612    0    0     0     9 1779 2401 22  1 76  0  1  0
 0  0      0 8852692 454856 6599412    0    0     0    29 1702 2518  6  1 92  0  1  0
 0  0      0 8866648 454856 6599564    0    0     0   115 2765 4374  7  2 91  0  1  0
 0  0      0 8864436 454856 6599676    0    0     0    12 2942 4809  3  1 95  0  1  0
 0  0      0 8866360 454856 6599776    0    0     0    12 3226 5402  5  2 91  0  2  0
 0  0      0 8863728 454856 6599964    0    0     0    48 3669 6518  5  1 93  0  1  0
 0  0      0 8861960 454856 6599996    0    0     0    12 2391 4018  3  1 96  0  0  0
 0  0      0 8862100 454856 6600036    0    0     0     5 1629 2510  1  0 98  0  1  0
 0  0      0 8858320 454856 6600048    0    0     0    46 2559 4029  6  1 92  0  1  0
 1  0      0 8876116 454856 6600596    0    0     0     6 4288 7267  3  2 95  0  0  0
 1  0      0 8864748 454856 6600392    0    0     0     7 3501 5897  5  1 93  0  1  0
 0  0      0 8861988 454856 6600428    0    0     0    88 4573 7567  8  4 87  0  1  0
 0  0      0 8856352 454856 6600512    0    0     0     8 3470 5507  4  2 94  0  1  0
 0  0      0 8860748 454860 6600884    0    0     0     4 5137 8791  9  3 88  0  1  0
 0  0      0 8841600 454984 6601304    0    0    12   181 6098 10693 10  3 86  0  1  0
 0  0      0 8844556 454988 6601296    0    0     0     3 5357 9261 11  3 85  0  1  0
 0  0      0 8849384 454992 6601176    0    0     0    40 4815 7979 15  3 80  0  1  0
 1  0      0 8836460 454992 6601044    0    0     0   140 4673 8112 21  2 76  0  1  0
 0  0      0 8855232 454992 6600952    0    0     0    10 4296 7743  8  2 90  0  0  0
 0  0      0 8842996 454992 6600888    0    0     0    22 4311 7701 11  2 86  0  1  0
 1  0      0 8836464 454992 6600920    0    0     0   121 5347 9918 12  2 86  0  0  0
 1  0      0 8846636 454992 6600876    0    0     0    17 4599 7806 10  3 87  0  1  0
 1  0      0 8853652 455076 6602020    0    0     0   114 13101 24626 21  6 72  0  1  0
 0  0      0 8864492 455076 6604904    0    0     0   214 16889 32230 33  5 61  0  1  0
 0  0      0 8873916 455176 6606916    0    0     0     9 17294 32896 29  7 63  0  1  0
 0  0      0 8865056 455176 6608616    0    0     0    76 11726 21503 22  6 70  0  2  0
 1  0      0 8871976 455176 6608148    0    0     0   372 13076 24130 21  5 73  0  2  0
 1  0      0 8849604 455220 6607936    0    0     0   313 15601 29323 27  6 66  0  1  0
 2  0      0 8867112 455304 6607536    0    0     0    83 12876 24007 25  6 67  0  2  0
 1  0      0 8849448 455332 6605336    0    0     0   227 7916 13787 31  6 62  0  1  0
 0  0      0 8866656 455372 6605964    0    0     0   108 7089 12468 15  4 81  0  1  0
 1  0      0 8875200 455388 6603980    0    0     0   198 4188 7092  9  2 88  0  0  0
 0  0      0 8885924 455404 6601080    0    0     0   171 3517 5932  6  2 91  0  1  0
 0  0      0 8864424 455408 6604812    0    0     0   362 1396 1975  5  1 93  0  0  0
 1  0      0 8868372 455408 6604812    0    0     0    14 1203 1770  3  0 96  0  1  0
 0  0      0 8882228 455408 6604816    0    0     0    14 1215 1572 11  1 88  0  1  0
 0  0      0 8886948 455408 6604848    0    0     0    32 1336 1810  7  1 91  0  1  0
 1  0      0 8760316 455408 6604836    0    0     0   113 1636 2395 12  2 86  0  1  0
 1  0      0 8682296 455408 6617368    0    0     0    88 1600 2015 26  1 72  0  1  0
 1  0      0 8626968 455408 6636156    0    0     0     5 1664 2108 26  2 71  0  1  0
 3  0      0 8705596 455408 6606444    0    0     0    70 1769 2131 37  4 58  0  1  0
 2  0      0 8664248 455416 6620060    0    0     0    44 8404 15092 57  4 37  0  1  0
 2  0      0 8652260 455548 6623844    0    0     0   204 2695 3594 49  5 45  0  1  0
 1  0      0 8719852 455548 6624180    0    0     0    38 2020 2556 31  3 66  0  1  0
 3  0      0 8629372 455712 6626508    0    0     0   935 2797 3887 31  3 65  0  1  0
 2  0      0 8632908 456628 6628276    0    0     0  1198 2147 2536 42  3 55  0  1  0
 3  0      0 8557124 457488 6646464    0    0     0   234 2201 2609 44  3 52  0  1  0
 1  0      0 8569700 457652 6646412    0    0     0   174 3078 4818 10  2 87  0  1  0
 0  0      0 8569096 457664 6646760    0    0     0   709 4171 6742 10  3 86  0  1  0
 1  0      0 8538704 457760 6647240    0    0     0  1474 3654 5684 20  3 76  0  1  0
 3  0      0 8534564 457760 6647484    0    0     0   108 3752 5883 29  3 67  0  1  0
 1  0      0 8524092 457776 6647692    0    0     0   171 3699 5966 29  2 68  0  1  0
 0  0      0 8534436 457848 6647972    0    0     0    48 2743 4215 19  2 78  0  1  0
 1  0      0 8497884 458580 6651664    0    0     0    12 2627 3509 15  6 78  0  1  0
 1  0      0 8477972 459136 6654664    0    0     0   353 3461 5033 20  6 73  0  1  0
 1  0      0 8504220 459140 6654904    0    0     0    22 4681 7458 29  4 66  0  1  0
 0  1      0 8565544 459140 6592016    0    0     0   216 5055 8033 25  4 68  2  1  0
 0  0      0 8888792 459140 6552908    0    0     0   827 5610 8950 17  4 77  1  1  0
 1  0      0 8879972 459140 6552972    0    0     0   104 3858 6048  7  3 88  0  2  0
 0  0      0 8875940 459140 6553352    0    0     0    41 5121 8719  8  3 88  0  1  0
 0  0      0 8870648 459140 6553804    0    0     0   199 6268 10943 10  3 85  0  1  0
 0  0      0 8865772 459140 6553844    0    0     0     9 5410 9305 11  3 85  0  1  0
 2  0      0 8866992 459140 6553660    0    0     0    25 4753 7860 15  2 81  0  1  0
 0  0      0 8892268 459140 6553580    0    0     0    88 5250 9512 18  2 79  0  1  0
 0  0      0 8885856 459140 6553552    0    0     0     2 3725 6884  6  1 93  0  0  0
 0  0      0 8885880 459140 6553488    0    0     0    11 3594 6475 10  1 88  0  0  0
 1  0      0 8912416 459140 6553500    0    0     0    97 5456 10139 13  2 85  0  1  0
 2  0      0 8924048 459140 6552932    0    0     0    13 4500 7739  9  2 87  0  1  0
 0  0      0 8923888 459140 6554384    0    0     0     5 13415 25357 20  4 75  0  1  0
 3  0      0 8924280 459140 6555940    0    0     0   172 17247 33133 32  4 62  0  1  0
 3  0      0 8921380 459148 6558016    0    0     0     8 16663 31599 28  6 63  0  2  0
 0  0      0 8921380 459192 6559184    0    0     0    94 11582 21279 21  5 72  0  2  0
 1  0      0 8921380 459248 6558388    0    0     0   392 13065 24251 20  5 73  0  2  0
 0  0      0 8919076 459276 6558252    0    0     0   161 15486 29148 26  7 64  0  3  0
 1  1      0 8919772 459276 6557684    0    0     0    80 13217 24716 24  5 69  0  2  0
 1  0      0 8912504 459276 6555864    0    0     0   239 7432 12799 29  6 63  0  1  0
 0  1      0 8925348 459276 6554900    0    0     0   110 6737 11897 12  4 82  0  2  0
 0  0      0 8930720 459276 6554744    0    0     0    97 3982 6884  7  1 91  0  1  0
 0  0      0 8940148 459276 6552688    0    0     0   160 3040 5203  5  1 93  0  1  0
 0  0      0 8940956 459276 6552688    0    0     0     1 1197 1737  4  1 94  0  1  0
 0  0      0 8940956 459276 6552688    0    0     0     0 1196 1779  3  0 96  0  1  0
 0  0      0 8940956 459276 6552692    0    0     0     4 1000 1345  9  0 90  0  0  0
 0  0      0 8937960 459276 6552692    0    0     0     1 1093 1546  6  0 93  0  1  0
 1  0      0 8936028 459276 6552692    0    0     0     0 1230 1845  2  0 97  0  1  0
 0  0      0 8936028 459276 6552692    0    0     0     0 1238 1883  1  0 98  0  1  0
 0  0      0 8935440 459276 6552692    0    0     0     2 1194 1789  2  0 95  0  2  0
 1  0      0 8951500 459276 6552696    0    0     0     1 1286 1861  5  2 93  0  1  0
 2  0      0 8923228 459936 6563128    0    0    65   146  410  409  6  1 93  0  0  0
 4  0      0 8831760 460004 6565080    0    0     0   172 7750 18517 48  5 46  0  1  0
 9  0      0 8787888 460108 6569876    0    0     0    27 21070 49896 79  8 11  0  2  0
 2  0      0 8775508 460120 6574816    0    0     0    49 19274 43495 75  7 17  0  1  0
 3  0      0 8775760 460160 6577792    0    0     0  1846 14337 30279 68  5 24  0  3  0
11  0      0 8764108 460184 6580704    0    0     0   479 14992 31988 65  6 26  0  3  0
 5  0      0 8722348 460388 6584908    0    0    42   755 18455 40978 68  9 21  0  2  0
 4  0      0 8752392 460484 6578356    0    0     0   658 11153 22739 67  7 23  0  3  0
 8  0      0 8729352 460552 6576904    0    0     0   251 8325 16388 81  6 12  0  2  0
 8  0      0 8759896 460636 6576120    0    0     1   425 10214 20878 80  5 12  0  2  0
 2  0      0 8747644 460692 6574092    0    0     0   368 9109 17303 56  6 36  0  2  0
 1  0      0 8773848 460728 6574544    0    0     0    27 7049 13338 55  3 39  0  3  0
 1  0      0 8770712 460764 6575120    0    0     0    48 8203 14226 35  5 58  0  2  0
 1  0      0 8821476 460772 6574804    0    0     0   180 6420 11172 44  4 50  0  2  0
 1  0      0 8836892 460772 6574872    0    0     0     8 2883 4296 30  2 66  0  1  0
 2  1      0 9028120 460772 6398652    0    0     0    14 2639 3683 27  3 66  2  1  0
 1  1      0 10659216 460772 4788816    0    0     0   912 7627 11376 25 10 45 17  2  0
 1  0      0 9758920 467380 5594016    0    0    26     5 1130  910 33  6 59  1  1  0
 2  0      0 9748856 467496 5598344    0    0     4     2  811  225 46  2 52  0  1  0
 1  0      0 9798088 467524 5602344    0    0     0  2528  747  374 36  1 62  0  1  0
 1  0      0 9857032 467552 5602684    0    0     1 89369  761  496 26  2 71  1  1  0
 1  0      0 9856808 467560 5602780    0    0     0   252  588  300 25  0 74  0  1  0
 1  0      0 9845912 467560 5602848    0    0     0  1142  496  250 25  0 74  0  1  0
 1  0      0 9845912 467560 5602848    0    0     0    28  372  111 25  0 75  0  0  0
 1  0      0 9845912 467560 5602848    0    0     0    13  409  143 25  0 75  0  0  0
 1  0      0 9845912 467560 5602848    0    0     0    15  614  317 25  1 73  0  1  0
 1  0      0 9845912 467560 5602848    0    0     0     0  597  303 25  1 74  0  1  0
 1  0      0 9845912 467560 5602848    0    0     0     0  591  287 25  0 74  0  1  0
 1  0      0 9839984 467560 5603028    0    0     0    28  603  360 26  1 72  0  1  0
 1  0      0 9843020 467560 5604912    0    0     0   105  571  295 25  1 74  0  1  0
 8  0      0 9774896 467584 5608500    0    0     0    89 1102  964 30  3 66  0  1  0
 1  0      0 9797288 467588 5609180    0    0     0   674 1729 1816 38  5 53  0  4  0
 1  0      0 9769188 467588 5609860    0    0     0   178 1753 1797 34  5 60  0  1  0
 4  0      0 9648980 467588 5610616    0    0     7   501 1548 1583 55  4 39  0  1  0
 2  0      0 9703340 467600 5612372    0    0     0   190 1508 1353 56  5 38  0  1  0
 2  0      0 9687448 467708 5615144    0    0     0    49 1303 1110 54  3 41  0  1  0
 3  0      0 9695812 467756 5618048    0    0     0    72 1273 1033 54  3 41  0  1  0
 2  0      0 9700352 467760 5620148    0    0     0   201 1329 1065 53  3 42  0  2  0
 2  0      0 9709876 467760 5621728    0    0     0   552 1259  825 53  3 43  0  1  0
 2  1      0 9537136 470440 5645440    0    0  2386   151 1335 1277 55  4 23 17  1  0
 2  0      0 9473020 470712 5660096    0    0  1000   426 1768 4044 61  9 27  1  2  0
 6  0      0 9006796 470756 5682876    0    0     0   948 1834 4265 66  8 25  0  1  0
 2  0      0 9442748 470924 5676116    0    0     0   514 1840 4571 66  7 25  0  1  0
 2  0      0 9572960 470976 5681736    0    0     0   412 1253  895 53  3 42  0  1  0
 4  0      0 9201404 470984 5698708    0    0     0   703 1677 3000 62  6 31  0  1  0
 6  0      0 9118220 471268 5699384    0    0    10  1170 2151 4953 69  8 22  1  1  0
 7  0      0 9096820 473912 5848804    0    0     0  1018 2091 4733 59  9 30  0  2  0
 3  0      0 8801368 474032 5864472    0    0     4  1240 2480 5312 48 10 40  0  1  0
 4  0      0 8786652 474092 5861724    0    0     0    38 3943 7164 84  5  9  0  1  0
 3  0      0 8595616 474404 5865896    0    0     1 15279 6326 11244 85  6  7  0  1  0
 7  0      0 8762532 474684 5840476    0    0     0  1380 5320 9415 82  4 12  1  1  0
 4  0      0 8601728 474744 5842172    0    0     0   127 3552 5567 82  4 13  0  1  0
 7  0      0 8777020 474948 5826388    0    0     0   326 3906 6162 78  5 15  0  2  0
 3  0      0 8468816 474964 5826836    0    0     0   558 3716 5953 80  6 13  0  1  0
 4  0      0 8297624 474988 5826612    0    0     0   174 5850 15635 80  7 12  0  1  0
 7  0      0 8641744 474992 5827744    0    0     0   360 5916 17727 80  4 14  0  1  0
 4  0      0 8646772 475052 5828332    0    0     0   261 4891 8332 71  3 24  0  2  0
 4  0      0 8655652 475060 5828732    0    0     0   190 4109 6423 59  4 35  0  2  0
 3  0      0 8917176 475128 5829608    0    0     0    89 3890 6136 66  4 27  0  2  0
 1  0      0 9439076 475140 5815272    0    0     0   272 4162 6806 62  5 32  0  2  0
 5  0      0 9025616 475148 5818980    0    0     0    55 3724 5881 91  3  5  0  2  0
 5  0      0 9202412 475160 5818424    0    0     0   100 4303 6960 90  3  4  0  2  0
 6  0      0 9170356 475212 5818644    0    0     4   317 4175 6927 93  5  0  0  1  0
 5  0      0 9187316 475228 5809628    0    0     0   442 3109 5020 96  3  0  0  1  0
 3  0      0 9384792 475244 5810412    0    0     0    45 4405 7297 84  4 10  0  2  0
 2  0      0 9239768 475404 5816772    0    0    14   348 3987 6403 61  5 33  0  1  0
 3  0      0 9214324 475416 5817080    0    0     0    54 3650 5433 64  4 31  0  1  0
 2  0      0 9366372 475420 5817340    0    0     0    63 3658 5389 38  4 57  0  2  0
 0  0      0 9508908 475432 5817736    0    0     0   906 3961 5962 37  4 58  0  2  0
 2  0      0 9356976 475436 5819040    0    0     0    92 3806 5709 42  4 53  0  1  0
 5  0      0 9295676 475452 5823296    0    0     0    41 2128 2537 94  2  2  0  2  0
 5  0      0 9009088 475460 5829724    0    0     0   371 2115 2482 96  2  1  0  1  0
 5  0      0 9111600 475528 5833152    0    0     0    29 3396 5344 96  3  0  0  1  0
 6  0      0 9086532 475668 5837496    0    0     0   394 5442 9286 95  3  1  0  2  0
 4  0      0 9100384 475712 5839724    0    0     0   806 4980 8369 90  3  6  0  2  0
 3  0      0 8942960 475728 5840392    0    0     0   527 4322 6850 77  3 19  0  1  0
 2  0      0 9063048 475744 5841180    0    0     0   332 3448 5111 71  2 25  0  1  0
 1  0      0 9210420 475760 5841636    0    0     0   802 3603 5558 52  3 43  0  1  0
 3  0      0 9162820 476580 5847976    0    0    14   132 3967 6118 45  6 47  0  2  0
 2  0      0 9128132 477292 5859164    0    0     0   116 3585 5429 65  6 28  0  2  0
 3  0      0 9004696 477336 5862300    0    0     0    46 4858 8110 66  2 31  0  1  0
 3  0      0 8792456 477356 5869308    0    0     0   868 4534 7400 86  2 11  0  1  0
 3  0      0 8742544 477416 5872952    0    0     0   794 4176 6701 84  2 12  0  2  0
 5  0      0 8981376 477460 5854396    0    0     0   536 4375 7075 75  4 19  0  1  0
 5  0      0 9007616 477468 5852660    0    0     0  1094 3700 5851 86  3 10  0  1  0
 5  0      0 9022888 477512 5853488    0    0     0   416 2837 4051 90  3  5  0  2  0
 5  0      0 9135748 477516 5833904    0    0     0    45 3133 4353 91  4  4  0  1  0
 3  0      0 9030892 477524 5834820    0    0     0   350 3062 4297 82  3 14  0  1  0
 4  0      0 8947796 477540 5842328    0    0     0   108 3094 4495 80  5 13  0  2  0
 3  0      0 8910892 477580 5848880    0    0     0    54 3067 4350 85  4 10  0  2  0
 5  0      0 9006384 478624 5845136    0    0     0   362 4158 6590 88  4  6  0  2  0
 4  0      0 8845664 478696 5851888    0    0     0   283 3880 6026 93  2  4  0  1  0
 4  0      0 8806676 478780 5859892    0    0     0   463 2979 4190 94  1  4  0  1  0
 3  0      0 9084600 478964 5870432    0    0     0   810 3267 4814 90  1  8  0  1  0
 2  0      0 9072860 479028 5875864    0    0     0   918 2864 4076 70  2 27  0  1  0
 2  0      0 9061988 479596 5882904    0    0     0   722 2666 3571 57  3 39  0  1  0
 3  0      0 9068588 479956 5886944    0    0     0  1366 2486 3245 63  2 33  0  2  0
 3  0      0 9093828 479956 5886996    0    0     0   494 2254 2725 73  2 21  0  3  0
 3  0      0 9119112 479960 5887176    0    0     0   540 2920 4049 66  3 30  0  2  0
 3  0      0 8934500 479960 5858884    0    0     0  1033 2828 3750 72  3 23  0  1  0
 7  0      0 8929332 479960 5858716    0    0     0    16 2420 3154 88  3  6  0  3  0
 2  0      0 9166536 479960 5858716    0    0     0    17 2445 3056 72  3 23  0  2  0
 1  0      0 9140748 479960 5858824    0    0     0   165 2293 2889 52  3 44  0  1  0
 2  0      0 9097236 480112 5859700    0    0     0    41 5452 9136 53  5 40  0  2  0
 3  0      0 9059408 480764 5866500    0    0     0    40 6478 11303 43  5 50  0  1  0
 2  0      0 9040792 482136 5876048    0    0     0   435 4018 6141 52  9 38  0  2  0
 2  0      0 8995100 482608 5882104    0    0     0   120 3802 5825 44  5 49  0  2  0
 5  0      0 9074868 482752 5886176    0    0     0   566 3749 5658 56  3 40  0  1  0
 3  0      0 9039264 482868 5891316    0    0     0  1132 5523 9451 68  3 28  0  1  0
 3  0      0 9030712 483068 5902840    0    0     0   708 5633 9387 67  4 28  0  1  0
 3  0      0 9018036 483120 5912196    0    0     0   385 3850 5744 58  4 37  0  1  0
 2  0      0 9021956 483164 5920640    0    0     0   954 3726 5523 58  3 38  0  1  0
 1  0      0 9099576 483180 5926492    0    0     0   910 3426 5073 54  3 42  0  1  0
 2  0      0 9109832 483268 5925420    0    0     0  1009 4068 6621 35  4 60  0  1  0
 2  0      0 9103900 483348 5927688    0    0     0  1024 4305 7185 44  2 53  0  1  0
 1  0      0 9076708 483392 5938844    0    0     0   667 3574 5621 60  2 36  0  1  0
 3  0      0 9451728 483676 5937264    0    0    34    26 3339 5120 37  5 57  0  1  0
 2  0      0 9374784 484004 5946744    0    0   759   679 3388 5202 47  3 48  1  1  0
 7  0      0 9169608 484140 5949012    0    0     1   905 6663 11474 65  5 28  0  2  0
 6  0      0 9228200 484952 5951752    0    0     2    40 6533 11247 76  4 19  0  1  0
 3  0      0 9317752 484976 5953924    0    0     0   321 6133 10492 81  3 15  0  2  0
 4  0      0 9312968 485000 5954584    0    0     0    63 6280 10793 77  4 17  0  2  0
 4  0      0 9287708 485120 5956836    0    0     0   163 9655 18026 85  5  9  0  1  0
 4  0      0 9328216 485184 5958340    0    0     0   243 7881 14265 76  4 19  0  1  0
 5  0      0 9369232 485196 5959748    0    0     1   554 5970 10081 72  4 22  0  2  0
 5  0      0 9343128 485476 5960080    0    0     0   275 5802 9931 75  4 19  0  1  0
 5  0      0 9331392 485480 5958492    0    0     0   184 5805 9990 84  3 12  0  1  0
 7  0      0 9329632 485480 5958764    0    0     0   239 6612 11641 94  3  2  0  1  0
 3  0      0 9159676 486644 6117512    0    0    19   313 8291 14989 89  4  6  0  1  0
 4  0      0 9232388 486672 6120436    0    0     0    32 10174 19108 88  4  6  0  1  0
 4  0      0 9231280 486712 6122520    0    0     0   619 11726 22007 81  3 15  0  1  0
 5  0      0 9218688 486768 6123876    0    0     0 15029 9171 16964 75  4 20  0  1  0
 3  0      0 9188260 486820 6123212    0    0     0   155 8281 14780 68  4 26  0  2  0
 5  0      0 9188988 486844 6123492    0    0     0   534 9236 16812 77  4 17  0  2  0
 5  0      0 9220884 486880 6119416    0    0     0    73 8717 15675 74  4 20  0  2  0
 5  0      0 9222332 486964 6120552    0    0     0    23 11087 20376 72  4 23  0  1  0
 3  0      0 9222192 487056 6123672    0    0     0   324 8908 15829 70  3 25  0  2  0
 2  0      0 9216584 487076 6124528    0    0     0    80 6393 10720 69  3 27  0  2  0
 3  0      0 9216616 487204 6125244    0    0     0   124 6667 11208 64  3 31  0  1  0
 3  0      0 9208564 487212 6123684    0    0     0   572 7342 12943 80  3 16  0  2  0
 4  0      0 9200556 487228 6124392    0    0     0    79 6395 11145 91  2  6  0  1  0
 4  0      0 9215096 487268 6123424    0    0     0    52 8780 15835 79  3 17  0  1  0
 3  0      0 9226832 487276 6121776    0    0     0   313 9956 18231 71  3 25  0  2  0
 3  0      0 9229844 487280 6122252    0    0     0    28 5477 8996 67  3 28  0  2  0
 2  0      0 9228080 487288 6122652    0    0     0    36 4929 7964 73  3 23  0  2  0
 4  0      0 9144256 487296 6123100    0    0     0   245 5253 8722 77  3 18  0  2  0
 4  0      0 9301860 487332 5996672    0    0     0    68 7656 13780 79  5 11  3  2  0
 5  0      0 9334256 487360 5980152    0    0     5   124 6444 11226 91  2  5  0  1  0
 2  0      0 9382860 487364 5978816    0    0     0   746 6135 10329 68  3 26  0  2  0
 3  0      0 9386520 487460 5980520    0    0     0   142 10671 19736 75  3 21  0  1  0
 4  0      0 9381500 487536 5981564    0    0     0   131 8542 15374 74  3 22  0  1  0
 1  0      0 9376148 487576 5982360    0    0     0   349 7636 13433 74  3 20  0  2  0
 4  0      0 9360716 487576 5981084    0    0     0   161 7569 12969 74  3 21  0  2  0
 4  0      0 9372204 487620 5981816    0    0     0    90 5883 9611 86  2 11  0  1  0
 4  0      0 9368456 488388 5983488    0    0     7   470 7956 13717 80  3 16  0  2  0
 5  0      0 9354976 488480 5984504    0    0     0   100 7836 13421 75  3 20  0  2  0
 4  0      0 9335128 488720 5985508    0    0     0   119 7017 11797 78  3 17  0  2  0
 3  0      0 9311428 489288 5986652    0    0     0   567 6964 11506 75  3 19  0  2  0
 2  0      0 9311572 489888 5984168    0    0     0   110 6257 10359 66  4 29  0  1  0
 4  0      0 9337724 490024 5983924    0    0     0   149 5256 8471 61  3 34  0  2  0
 3  0      0 9332120 490072 5983464    0    0     0   526 6216 10415 75  3 20  0  2  0
 5  0      0 9327776 490136 5991152    0    0     0   107 8902 16032 83  3 13  0  1  0
 2  0      0 9313044 490204 5997564    0    0     0    90 6403 10811 51  5 43  0  1  0
 5  0      0 9311840 490224 5998044    0    0     0   493 5596 9201 60  4 34  0  2  0
 3  0      0 9291604 490296 5997824    0    0     0   396 4564 7305 74  4 20  0  2  0
 4  0      0 9307272 490416 5996544    0    0     0   903 5275 8708 80  3 16  0  1  0
 2  0      0 9328760 490628 5998008    0    0     0   198 6275 10825 59  3 36  0  1  0
 4  0      0 9301956 490628 5999192    0    0    51   524 4950 8161 69  4 26  0  2  0
 2  0      0 9301748 490680 5999584    0    0     0    53 4289 6811 71  3 25  0  2  0
 7  0      0 9301924 490700 5999672    0    0     0   174 4876 7797 66  3 29  0  2  0
 5  0      0 9302708 490704 6000288    0    0     0   344 9372 16787 55  5 38  0  2  0
 4  0      0 9140032 490736 6107224    0    0     0    28 7233 14736 87  3  8  0  1  0
 4  0      0 9133596 490788 6107976    0    0     2    41 4037 6463 91  2  5  0  1  0
 3  0      0 9162484 490788 6108380    0    0     0   431 3450 5145 93  1  5  0  1  0
 3  0      0 9171712 490816 6110444    0    0     0 10725 3757 8542 76  3 19  0  1  0
 6  0      0 9155584 490836 6111324    0    0     0   113 5197 12339 71  4 24  0  2  0
 2  0      0 9155764 490984 6111624    0    0    15   425 4829 7957 60  4 35  0  1  0
 3  0      0 9150188 490984 6111248    0    0     0   220 4098 6408 68  3 27  0  2  0
 2  0      0 9152088 490988 6111492    0    0     2    31 4122 6238 69  3 26  0  2  0
 2  0      0 9165496 490996 6109876    0    0     0   242 3049 4081 36  3 60  0  1  0
 4  0      0 9147020 490996 6109604    0    0     0    63 3026 4052 36  4 58  0  1  0
 4  0      0 8972576 491000 6109616    0    0     0     6 2606 3351 80  3 15  0  2  0
 1  0      0 9137228 491000 6109668    0    0     0    98 2568 3320 74  3 22  0  2  0
 2  0      0 9173740 491004 6109844    0    0     0    12 2713 3559 38  3 58  0  1  0
 4  0      0 9115480 491008 6110040    0    0     0     5 2617 3210 62  4 32  0  2  0
 4  0      0 9113256 491008 6110036    0    0     0    48 3301 4835 83  3 13  0  2  0
 4  0      0 9145644 491008 6110456    0    0     0    17 2795 3917 83  3 13  0  1  0
 3  0      0 9116152 491016 6110512    0    0     0    11 2531 3318 82  3 14  0  1  0
 2  0      0 9130812 491016 6110676    0    0     0   142 2002 2103 74  3 23  0  1  0
 3  0      0 9105924 491020 6110748    0    0     0    17 2273 2885 33  3 64  0  1  0
 3  0      0 9068224 491020 6110888    0    0     0    26 3279 4689 64  3 31  0  1  0
 2  0      0 8874468 491020 6111168    0    0     0   106 1852 1830 72  3 23  0  1  0
 3  0      0 8952084 491020 6111436    0    0     0    16 2608 3544 53  3 42  0  1  0
 1  0      0 8944436 491120 6111436    0    0     0    18 2303 3327 34  2 63  0  1  0
 1  0      0 8942108 491120 6111868    0    0     0   134 2968 4645 37  2 60  0  1  0
 1  0      0 8941804 491168 6112156    0    0     1    16 2547 3730 39  2 59  0  1  0
 4  0      0 8922304 491168 6113072    0    0     0    37 3453 5318 59  2 38  0  1  0
 4  0      0 8942556 491168 6112524    0    0     0   119 4181 6582 81  2 16  0  1  0
 3  0      0 8893824 491712 6115884    0    0     0    28 3395 4975 52  6 40  0  2  0
 3  0      0 8895028 493136 6121972    0    0     7    77 2989 4138 56  7 36  0  2  0
 4  0      0 8776100 493140 6122236    0    0     0   586 2422 3054 52  3 43  0  1  0
 4  0      0 8784316 493192 6123508    0    0     3   302 1789 1791 84  1 15  0  1  0
 3  0      0 8712304 493192 6123256    0    0     0   358 1416 1064 77  1 21  0  1  0
 3  0      0 8855072 493208 6123288    0    0     0   151  976  208 73  1 25  0  1  0
 3  0      0 8867648 493260 6123272    0    0     0   105 1012  268 74  1 24  0  1  0
 3  0      0 8869392 493260 6123636    0    0     0    11  956  186 74  1 25  0  1  0
 2  0      0 8878348 493260 6123948    0    0    15    33 1201  507 58  2 39  0  1  0
 3  0      0 8841512 493332 6129532    0    0     0    20 1209  596 67  2 30  0  1  0
 3  0      0 8813680 493680 6129848    0    0     0    45 1138  548 71  3 24  0  2  0
 3  0      0 8566316 493712 6131784    0    0     1    27 1005  251 72  2 24  0  1  0
 3  0      0 8557412 494740 6135008    0    0     0   163 1007  249 73  1 25  0  1  0
 2  0      0 8849736 494740 6135184    0    0     0   190  985  266 70  2 28  0  1  0
 2  0      0 8826224 494772 6135348    0    0     1   601  983  372 50  2 47  0  1  0
 2  0      0 8854720 494804 6141188    0    0     0   613  867  238 49  1 49  0  1  0
 2  0      0 8855860 494804 6141200    0    0     0    10  968  335 50  2 48  0  1  0
 2  0      0 8853908 494908 6141836    0    0     2    15 1064  623 45  2 52  0  1  0
 2  0      0 8853508 495020 6148752    0    0     0   776  910  293 50  1 48  0  1  0
 2  0      0 8849544 495248 6149000    0    0     0     0  760  137 49  1 49  0  1  0
 2  0      0 8844428 495252 6149136    0    0     0   117  920  292 58  1 40  0  1  0
 3  0      0 8640700 495288 6150504    0    0     0   577 1174  726 66  3 30  0  1  0
 3  0      0 8752960 495288 6161028    0    0     0   290  952  199 74  1 24  0  1  0
 3  0      0 8746932 495304 6163908    0    0     0    44 1010  333 73  2 24  0  1  0
 4  0      0 8748812 495304 6164528    0    0     0    68  971  234 74  1 24  0  1  0
 2  0      0 8835764 495724 6151664    0    0     0     8 1180  830 51  3 45  0  1  0
 1  0      0 8857208 495924 6152152    0    0     0     8  833  449 32  1 66  0  1  0
 2  0      0 8821496 496920 6156576    0    0     0   302 1442 1080 41  8 50  0  1  0
 2  0      0 8803996 497396 6159216    0    0    52   193 1158  741 38  5 55  1  1  0
 2  0      0 8835956 497508 6159620    0    0    15    20  936  366 49  2 47  1  1  0
 2  0      0 8817008 497556 6162472    0    0     0   144  948  371 51  1 47  0  1  0
 3  0      0 8294264 498580 6644048    0    0    13   449 1024  270 66  8 26  0  1  0
 2  0      0 8289260 498592 6649312    0    0     0    56  940  327 54  1 44  0  1  0
 2  0      0 8311872 498620 6656344    0    0     0   248 1214  872 56  2 40  0  1  0
 2  0      0 8306624 498640 6659348    0    0     0 31224 1307 1094 55  3 40  0  2  0
 5  0      0 8334136 498644 6659852    0    0     0 15530 1426 1124 52  6 41  0  1  0
 6  0      0 8254992 498744 6661924    0    0     0  1002 1680 1685 58  6 35  0  1  0
 3  0      0 8147292 498764 6666944    0    0     0  1412 1583 1870 76  9 14  0  1  0
 6  0      0 8092812 498796 6674036    0    0     0   109 1597 1528 75  4 21  0  1  0
 3  0      0 8392868 498796 6674892    0    0     0   184 1639 1684 89  5  5  0  1  0
 4  0      0 8392348 498796 6675420    0    0     0  1180 4295 7066 66  4 29  0  1  0
 2  1      0 8632068 498796 6626384    0    0     0   875 7985 14303 65  5 27  2  1  0
 3  0      0 8754400 498796 6572788    0    0     0    94 5069 8189 57  6 34  2  1  0
 3  0      0 8702472 510156 6573136    0    0  1124   777 4048 6280 68  7 24  0  2  0
 3  0      0 8689028 510156 6573360    0    0     0   134 4093 6304 61  5 33  0  2  0
 3  0      0 8730148 510156 6571236    0    0     0    76 4064 6379 61  4 33  0  1  0
 3  0      0 8678660 510156 6573144    0    0     0   866 1945 2293 56  3 40  0  1  0
 2  0      0 8621760 510156 6574220    0    0     0    71 1151  768 52  3 44  0  1  0
 2  0      0 8680456 510156 6574348    0    0     0    30 1373 1018 52  4 43  0  1  0
 3  0      0 8719944 510160 6576928    0    0     0   297 1374 1042 52  5 41  0  1  0
 2  0      0 8636816 510164 6582952    0    0     0   140 1610 1251 55  5 39  0  1  0
 2  0      0 8664252 510168 6587908    0    0     0    39 1351 1184 60  3 35  0  1  0
 2  0      0 8136004 510176 6602156    0    0     0   574 1651 2963 62  7 29  0  2  0
 3  0      0 8109892 510176 6603580    0    0     0   207 1455 1382 61  4 34  0  1  0
 2  0      0 7987748 510180 6608760    0    0     0  1259 1633 3642 82  4 12  0  1  0
 3  0      0 8552684 510180 6595044    0    0     1   773 1514 1888 74  4 21  0  1  0
 2  0      0 8732400 510180 6577620    0    0     0   491 1877 1875 69  4 26  0  1  0
 1  0      0 8721348 510180 6577736    0    0     0    30 2182 2837 46  3 50  0  1  0
 3  0      0 8656808 510180 6578456    0    0     0   256 1157  858 35  2 61  0  1  0
 2  0      0 8773028 510180 6577824    0    0     0    69 1422 1363 32  3 64  0  1  0
 4  0      0 8762252 510192 6578348    0    0     0    50 1334 1106 40  3 56  0  1  0
 4  0      0 8729028 510196 6579124    0    0     0   327 2573 3433 55  4 39  0  1  0
 5  0      0 8523236 510196 6578724    0    0     0    83 2346 2719 62  5 31  0  1  0
 5  0      0 8301400 510196 6578892    0    0     0    67 1892 2295 75  5 19  0  2  0
 2  0      0 8073144 510212 6590272    0    0     2   597 2966 5871 57  8 33  0  2  0
 3  0      0 8505756 510216 6579348    0    0     0   120 2597 4018 55  6 38  0  1  0
 4  0      0 8437792 510216 6579144    0    0     0    90 1794 1957 43  3 52  0  1  0
 2  0      0 8562896 510264 6578956    0    0     2   302 1432 1191 79  3 17  0  1  0
 2  0      0 8741356 510264 6579600    0    0    51    50 1396 1176 43  4 51  1  1  0
 5  0      0 8735508 510264 6580252    0    0    30   125 2600 3540 44  4 50  1  1  0
 2  0      0 8691436 510264 6580356    0    0     0   129 1202  915 42  3 54  0  1  0
 2  0      0 8674140 510264 6580332    0    0     0    12 1220  734 55  3 41  0  1  0
 2  0      0 8744540 510264 6580408    0    0     0    14 1159  730 50  3 45  0  1  0
 3  0      0 8662488 510264 6580492    0    0     0    66 1315 1184 74  4 20  0  1  0
 3  0      0 8589476 510340 6582524    0    0    89   142 1519 1408 72  6 21  0  1  0
 2  0      0 8684260 510344 6587648    0    0     0    60 1718 1468 69  5 24  0  1  0
 2  0      0 8029636 510376 6604888    0    0     0   333 1975 4398 65  9 24  0  2  0
 6  0      0 7889544 510376 6599412    0    0     0   356 1942 2341 63  8 27  0  2  0
 3  0      0 8345344 510376 6587864    0    0     6   922 1536 1668 69  4 26  0  1  0
 4  0      0 7995696 510376 6597400    0    0     0   310 1452 2860 81  8  9  0  1  0
 3  1      0 8334184 510440 6610268    0    0  2227   217 2082 2351 60  4 29  6  1  0
 7  0      0 8577960 510760 6615076    0    0   498    30 2145 2748 82  4 12  1  1  0
 4  0      0 8698712 510760 6615288    0    0     0    39 2083 2579 67  4 27  0  2  0
 4  0      0 8495736 510780 6616272    0    0    14   246 1914 2534 84  4 11  0  1  0
 3  0      0 8530884 510780 6616516    0    0     0    27 1918 2009 79  3 16  0  1  0
 2  0      0 8665460 510784 6616468    0    0     0    92 2212 2437 47  4 47  0  2  0
 2  0      0 8653396 510840 6622444    0    0     0   385 1700 1769 72  4 22  0  2  0
10  0      0 8584460 510840 6627844    0    0    15    72 2042 2163 76  6 17  0  1  0
 5  0      0 8573384 510960 6628720    0    0   618    46 2856 3556 72  6 20  0  1  0
 2  0      0 7914924 511836 6785052    0    0    13   997 2126 3689 72  7 20  0  2  0
 2  0      0 8130984 511892 6782392    0    0     0    53 3471 5237 61  4 34  0  2  0
 5  0      0 8026040 511940 6787928    0    0     0   322 3294 6474 76  5 17  0  2  0
 6  0      0 8286360 511952 6777164    0    0     0    60 2094 3250 93  2  3  0  2  0
 8  0      0 7609168 511992 6802036    0    0     0 15513 3005 7892 88  8  2  0  2  0
 3  0      0 7461764 512008 6801652    0    0     2   159 1977 3651 73  7 18  0  1  0
 2  0      0 7919476 512020 6798384    0    0     0    48 2756 3735 70  3 25  0  2  0
 4  0      0 7732524 512028 6800596    0    0     0  1739 2798 4243 84  4 11  0  1  0
 5  0      0 7448652 512032 6800988    0    0     1    99 2632 3890 95  4  0  0  1  0
 6  0      0 7592332 512032 6801040    0    0     0    59 1817 2136 96  3  0  0  1  0
 3  0      0 7953076 512032 6803628    0    0     0   388 1708 1899 79  3 17  0  1  0
 5  0      0 7746008 512032 6801080    0    0     0   118 1431 1321 90  2  6  0  1  0
 4  0      0 7502704 512032 6801112    0    0     0    40 1436 1484 97  2  0  0  1  0
 3  0      0 7562500 512032 6801180    0    0     0   386 1290 1118 77  2 20  0  1  0
 3  0      0 7834620 512032 6801296    0    0     0    82 1290 1051 67  3 28  0  1  0
 2  0      0 7936620 512032 6798872    0    0     0    17 1160  801 69  2 28  0  1  0
 2  0      0 8521804 512032 6786420    0    0     0   122 1312 1295 51  4 44  0  1  0
 2  0      0 8519176 512032 6786192    0    0     0    34 1280  980 53  4 41  0  1  0
 3  0      0 8452228 512032 6786364    0    0     0    18 1260  815 62  4 33  0  1  0
 4  0      0 8454476 512040 6787088    0    0     0   194 1323  984 85  3 11  0  1  0
 2  0      0 8557956 512040 6786380    0    0     0    82 1524 1224 53  5 40  0  1  0
 5  0      0 8374728 512052 6786960    0    0     0    48 2177 2702 78  5 15  0  1  0
 7  0      0 8370540 512052 6787112    0    0     0   216 3343 5355 95  3  1  0  1  0
 7  0      0 8292180 512052 6788668    0    0     0    24 4710 8105 96  3  0  0  1  0
 7  0      0 8354972 512064 6796704    0    0     0   438 4940 8475 93  2  4  0  1  0
 4  0      0 8103276 512080 6788688    0    0     0   250 4521 7442 94  4  2  0  1  0
 6  0      0 7890220 512080 6789168    0    0     0    62 3097 4575 96  3  0  0  1  0
 3  0      0 8194680 512096 6789444    0    0     0    63 3258 4670 82  3 14  0  1  0
 4  0      0 8375276 512096 6789588    0    0     0   248 3397 5076 87  4  8  0  1  0
 6  0      0 8018036 512096 6801980    0    0     0   100 3388 5081 88  4  7  0  1  0
 4  0      0 8154312 512096 6808116    0    0     0    59 3428 5092 85  3 11  0  1  0
 5  0      0 8410476 512116 6795372    0    0     0   220 4706 7802 70  4 25  0  1  0
 3  0      0 8446668 512116 6789768    0    0     0    50 4893 8186 63  5 31  0  1  0
 3  0      0 8522484 512176 6790868    0    0     0    30 7297 12948 51  4 44  0  1  0
 1  0      0 8381588 512512 6949508    0    0     0   876 9688 17581 44  6 49  0  1  0
 3  0      0 8329624 512588 6950968    0    0     0   118 7641 13845 70  4 25  0  1  0
 2  0      0 8380364 512620 6949760    0    0     0   172 5858 9928 54  5 40  0  1  0
 5  0      0 8366524 512636 6950240    0    0     0 15285 4433 7405 85  3 11  0  1  0
 3  0      0 8065156 513260 7064028    0    0     0    77 6118 10828 43  5 50  0  2  0
 8  0      0 7752332 513288 7064504    0    0     3    77 5359 9675 85  7  7  0  1  0
 2  0      0 7462072 513348 7075548    0    0     0   795 5177 10115 73 10 16  0  1  0
 5  0      0 7590964 513376 7071836    0    0     1 10792 5512 9240 69  5 25  0  2  0
10  0      0 7737308 513428 7072920    0    0     0   314 6575 13102 86  6  7  0  1  0
11  0      0 7661300 513500 7073304    0    0     0   511 5771 11191 93  5  1  0  1  0
 8  0      0 8140140 513816 7066012    0    0     0    58 9571 19106 92  6  2  0  1  0
 9  0      0 8133620 515404 7069148    0    0   371   105 7002 12805 92  5  2  0  1  0
 6  0      0 8120736 515504 7070712    0    0     0   244 5256 9045 95  3  1  0  1  0
 5  0      0 8105688 515544 7077684    0    0   698  1004 5756 9980 91  4  4  1  1  0
 7  0      0 8162604 515636 7078432    0    0     0    92 5359 9153 93  3  3  0  1  0
 6  0      0 8121860 515656 7080476    0    0   213    75 4294 7024 96  3  0  0  1  0
 6  0      0 8087964 515668 7081284    0    0     0   384 3833 6154 96  3  0  0  1  0
 6  0      0 8113568 515788 7081508    0    0     0    84 4412 7379 97  2  0  0  1  0
 6  0      0 8136484 515804 7081928    0    0     0    84 4736 7959 91  3  5  0  1  0
 7  0      0 8127864 515808 7082476    0    0     0   272 5658 9802 93  3  3  0  1  0
 4  0      0 8160672 515852 7086696    0    0     0    37 6711 11919 79  5 15  0  1  0
 7  0      0 8165280 515916 7085104    0    0     0    93 7350 13034 62  6 30  0  1  0
 3  0      0 8135436 515940 7085840    0    0     0   346 8416 15700 82  4 12  0  1  0
 5  0      0 8136552 515972 7086536    0    0     0   473 6878 12381 92  3  4  0  1  0
 3  0      0 8200188 516000 7087108    0    0     0    28 5966 10586 74  4 21  0  1  0
 6  0      0 8108168 516008 7087768    0    0     0   356 7273 13518 83  7  9  0  1  0
 4  0      0 8035984 516060 7088920    0    0     0   129 6166 11081 90  6  4  0  1  0
13  0      0 7397464 516184 7121664    0    0   290   354 7543 17140 84 11  3  1  1  0
 3  0      0 7379256 516228 7116656    0    0     0   463 9346 19733 85  7  6  0  1  0
 7  0      0 7450396 516296 7119356    0    0     0    74 11169 23541 86  6  7  0  1  0
10  0      0 7234740 518336 7132348    0    0   196  1305 11853 25786 83  8  8  0  1  0
 8  0      0 7222088 518504 7129376    0    0    14   831 10570 23449 87  9  3  0  1  0
 6  0      0 7175704 518512 7129912    0    0     0   496 8821 20008 89 10  0  0  1  0
12  0      0 7261600 519152 7133940    0    0     0   265 8865 19764 90  8  1  0  1  0
 7  0      0 7016476 519504 7135100    0    0    27  1006 7588 16621 89 10  0  0  1  0
 7  0      0 7135116 519564 7145860    0    0     9   426 7757 18027 91  8  0  0  1  0
 8  1      0 7323792 519604 7131180    0    0     0   324 10252 23457 89  9  1  0  1  0
 6  0      0 7488828 519644 7139428    0    0     1   668 9865 22605 89  9  2  0  1  0
14  0      0 7267432 519648 7117136    0    0     0   598 8813 18472 91  7  0  0  1  0
21  0      0 6930064 519696 7124156    0    0     0   222 9900 20499 90  9  0  0  1  0
 7  0      0 6962052 519764 7128200    0    0     0   649 9450 22774 89  9  1  0  1  0
11  0      0 6942984 519784 7125432    0    0     0   142 11434 24028 91  9  0  0  1  0
 9  0      0 6980516 520012 7127512    0    0     0   315 11059 24641 92  7  0  0  1  0
13  0      0 6983588 520176 7129564    0    0     0   999 11904 25441 92  6  1  0  1  0
10  0      0 6935836 520492 7132044    0    0     0   336 11740 25113 91  7  1  0  1  0
 9  0      0 6794660 520704 7135732    0    0     0   390 12108 25777 90  9  1  0  1  0
 7  0      0 6690424 520708 7134524    0    0     0   857 10623 22220 91  8  0  0  1  0
 9  0      0 6755212 520708 7131732    0    0     0   350 9754 20007 92  7  0  0  0  0
12  0      0 6743768 520720 7130196    0    0     0   629 11550 24418 92  7  0  0  1  0
14  0      0 6740548 520744 7131368    0    0     0   510 10229 21595 92  7  0  0  1  0
 7  0      0 7493244 520832 7133068    0    0     3   356 12324 26787 91  7  2  0  1  0
10  0      0 7520996 520896 7136228    0    0     0   346 10205 21014 89  7  3  0  1  0
 8  0      0 7413464 520988 7138852    0    0     0   150 9774 19978 90  7  2  0  1  0
12  0      0 7459584 520996 7134960    0    0     0   814 8220 16641 93  6  0  0  1  0
10  0      0 7473700 521036 7138512    0    0     0   952 8258 17321 93  6  0  0  1  0
 4  0      0 7498832 521092 7138724    0    0     0   405 9236 19769 90  7  2  0  1  0
 4  0      0 7582772 521096 7132296    0    0     0   523 9621 20317 85  6  8  0  1  0
 4  0      0 7510776 521104 7132752    0    0     0   556 7931 16834 77  7 16  0  1  0
 8  1      0 7470504 521112 7139712    0    0     0   331 5796 12480 79  6 13  0  1  0
13  0      0 7488488 521112 7141408    0    0     0  1042 5775 12491 85  6  8  0  1  0
 3  0      0 7523696 521144 7142328    0    0     0   451 7649 15028 61  7 31  0  2  0
 7  0      0 7511372 521144 7139408    0    0     0  1266 8708 18486 79  6 13  0  1  0
 8  0      0 7527532 521144 7142048    0    0     0   624 10752 22562 88  6  5  0  1  0
 4  0      0 7547292 521168 7138568    0    0     1   479 11376 24010 85  6  8  0  1  0
 2  0      0 7536088 521188 7142100    0    0     0   405 11462 24114 74  6 18  0  2  0
11  0      0 7504064 521188 7140692    0    0     0   620 9864 21833 83  9  7  0  1  0
12  0      0 7487076 521648 7142920    0    0     0   409 10755 23784 88  7  4  0  1  0
 9  0      0 7429200 521712 7145888    0    0     0   682 9791 21320 78  8 12  0  1  0
 9  0      0 7376144 521852 7149480    0    0     0   711 8748 18477 89  7  1  0  2  0
 8  0      0 7508924 521940 7140252    0    0     6   236 10013 21534 89  8  2  0  1  0
15  0      0 7443304 521980 7139888    0    0     0   649 10915 23198 90  7  1  0  1  0
 9  0      0 7443980 521980 7146292    0    0     0  1236 10161 21157 92  7  0  0  1  0
12  0      0 7349588 521980 7151468    0    0     0   502 8882 18282 92  7  0  0  1  0
15  0      0 7281400 526656 7170772    0    0   468   220 8087 17014 91  8  0  0  1  0
10  0      0 7224404 526656 7170996    0    0     0  1120 7101 15349 90  9  0  0  1  0
 7  1      0 7462444 526656 7177492    0    0     5   809 7745 16846 91  8  0  0  1  0
 9  0      0 7308364 526656 7177396    0    0     4   556 8306 17511 91  7  0  0  1  0
 7  0      0 7576904 526656 7094352    0    0     0  1248 7514 16051 91  7  1  0  1  0
12  1      0 7547544 526656 6889508    0    0     0   552 8224 17643 90  8  2  0  1  0
 6  0      0 7993088 526660 6637476    0    0    22   148 6429 14232 92  7  0  0  1  0
10  0      0 7638748 527428 6786348    0    0     0  2018 7359 15424 89  9  1  0  1  0
16  0      0 7614372 527456 6787596    0    0     0   541 6812 14080 91  5  0  0  3  0
10  0      0 7782800 527468 6787744    0    0     0   412 7420 15538 92  7  0  0  1  0
 8  0      0 7776200 527500 6788164    0    0     0 15800 6907 14498 93  6  0  0  1  0
11  0      0 7755036 527508 6788652    0    0     0   492 8453 17661 93  6  0  0  1  0
 7  0      0 7755304 527528 6789292    0    0     0   754 8207 17093 94  5  0  0  1  0
 7  0      0 7734268 527556 6783212    0    0     0   603 7934 16113 94  5  0  0  1  0
13  0      0 7710600 527564 6773620    0    0     0   193 9498 19453 93  6  0  0  1  0
 7  0      0 7818488 527588 6773924    0    0     1    80 8811 18299 92  6  1  0  1  0
10  0      0 7768204 527600 6776008    0    0     0   393 8699 18160 93  5  1  0  1  0
 8  0      0 7729532 527600 6779940    0    0     0    81 7814 15824 95  4  0  0  1  0
11  0      0 7732448 527608 6777156    0    0     0  1091 7628 15371 95  4  0  0  1  0
13  0      0 7719428 527640 6778804    0    0     0   555 8222 16616 94  4  0  0  1  0
 9  0      0 7805004 527640 6767764    0    0     0   195 8153 16653 94  4  0  0  1  0
16  0      0 7795004 527652 6764092    0    0     0    97 7232 14523 94  5  0  0  1  0
 8  0      0 7808784 527796 6767280    0    0    14   567 8874 18288 92  6  1  0  1  0
11  0      0 7681040 527796 6774496    0    0     0   953 10203 22037 92  7  1  0  1  0
 8  0      0 7787364 527796 6778780    0    0     0    67 9743 20160 93  5  1  0  1  0
 9  0      0 7707612 527812 6776700    0    0     0   288 10050 20926 92  7  1  0  1  0
 6  0      0 7431476 528744 7084652    0    0     0  2104 8148 17320 91  7  1  0  1  0
 4  0      0 7500168 528744 7083456    0    0     0   718 9145 19289 84  5  9  0  2  0
11  0      0 7489904 528752 7088344    0    0     0   353 9225 19487 85  6  8  0  1  0
 8  0      0 7333480 528808 7087872    0    0     1 23066 7760 15929 92  7  1  0  1  0
15  0      0 7519960 528824 7087436    0    0     0  9159 8160 17120 92  6  1  0  1  0
10  0      0 7361668 528824 7085788    0    0     0   454 8814 18492 90  7  2  0  1  0
 3  0      0 7571028 528828 7086180    0    0     0   945 9597 20323 83  7  9  0  1  0
 8  0      0 7388220 528828 7081084    0    0     0   548 8135 16947 84  6  9  0  1  0
12  0      0 7389556 528872 7084768    0    0     0   411 9262 20146 88  6  4  0  1  0
 8  0      0 7564608 528900 7085248    0    0     0   598 9199 19616 89  6  3  0  1  0
10  0      0 7496588 528900 7076976    0    0     0   331 9911 21418 88  7  4  0  1  0
13  0      0 7434280 528900 7075632    0    0     0   422 9708 21188 90  7  1  0  1  0
 9  0      0 7419156 528912 7071216    0    0     0   798 9414 20726 89  7  2  0  1  0
12  0      0 7361308 528976 7072188    0    0     0   588 8399 17583 92  6  1  0  1  0
 6  0      0 7209384 529084 7071988    0    0     0   397 8527 17865 92  6  1  0  1  0
 7  0      0 7210688 529168 7072936    0    0     0   411 8546 18156 90  5  4  0  1  0
 4  0      0 7508704 529252 7073732    0    0     0   633 7654 15751 89  6  3  0  2  0
 7  0      0 7493916 529328 7072588    0    0     0   569 7301 15328 88  6  5  0  1  0
12  0      0 7448188 529360 7072896    0    0     0   592 7391 15384 92  5  2  0  1  0
10  0      0 6969144 530584 7390944    0    0     1   480 8203 16930 90  8  1  0  2  0
15  0      0 6996432 530676 7390504    0    0     0   474 6965 14661 92  6  1  0  1  0
 4  0      0 7795920 530768 7361632    0    0     0  1182 8464 17111 90  8  1  0  1  0
 5  0      0 7802616 530852 7362488    0    0     0 30089 8135 15558 88  6  4  0  1  0
 5  0      0 7868456 530920 7363528    0    0     0   353 9046 17083 78  5 15  0  2  0
 9  0      0 7789460 530976 7209504    0    0     0   758 8101 15185 86  5  7  1  1  0
 8  0      0 7745560 531016 7206284    0    0     0   126 7780 14720 92  5  2  0  1  0
10  0      0 7805432 531036 7206140    0    0     0   357 7988 15245 93  6  0  0  1  0
 7  0      0 7976820 531068 7204844    0    0     0   447 7772 14829 93  5  0  0  1  0
 8  0      0 7961420 531068 7203944    0    0    99    44 5616 9956 92  4  2  0  1  0
11  0      0 7875636 531068 7204464    0    0     0   101 5070 8652 96  3  0  0  1  0
 9  0      0 7919616 531096 7204768    0    0     0   362 6087 10753 95  3  0  0  1  0
 6  0      0 7918000 531112 7203012    0    0     0    74 5474 9776 95  3  0  0  2  0
 7  0      0 7814620 531112 7201428    0    0     0    24 5384 9479 95  4  1  0  1  0
 9  0      0 8001660 531112 7201932    0    0     0   385 5438 9654 94  4  1  0  1  0
 6  0      0 7988060 531112 7202500    0    0     0   109 5370 9270 94  4  1  0  1  0
 4  0      0 7986840 531112 7202836    0    0     0   168 4911 8321 76  4 18  0  2  0
 4  0      0 7819480 531112 7203284    0    0     4   122 4430 7260 65  5 28  0  2  0
 2  0      0 7871504 531112 7203588    0    0     0   312 4802 7714 51  5 41  0  3  0
 3  0      0 8205620 531112 7051608    0    0     0   182 5167 8268 27  5 65  1  2  0
 3  0      0 8186464 531112 7049948    0    0     0    46 6691 11037 33  5 59  0  1  0
 4  0      0 8120192 531112 7050840    0    0     7   344 5509 9128 60  5 33  0  2  0
 2  0      0 7926808 531112 7051300    0    0     0    16 4296 6828 61  4 31  0  4  0
 2  0      0 7869320 531112 7052260    0    0     0    39 4408 6868 66  3 29  0  2  0
 7  0      0 8181808 531112 7053008    0    0     7   285 4448 6519 55  5 37  0  3  0
 8  0      0 8131684 531112 7053356    0    0     0   240 3749 5384 79  5 15  0  2  0
 5  0      0 8137012 531112 7053840    0    0     0    87 5174 9162 90  5  3  0  1  0
 5  0      0 8109008 531412 7056720    0    0     0   550 7978 14509 72  6 20  0  2  0
 3  0      0 8099216 531460 7063392    0    0     0   155 4772 7698 69  4 25  0  1  0
 4  0      0 8092304 531592 7066392    0    0     0    60 5026 8106 62  5 31  0  2  0
 5  0      0 8179620 531732 6909868    0    0     1   895 8705 15902 79  6 12  1  2  0
 5  0      0 8264428 531732 6914424    0    0     0   533 6174 10928 85  4 10  0  2  0
 4  0      0 8256572 531792 6916032    0    0     0   501 4540 7507 84  4 10  0  1  0
 3  0      0 8259784 531880 6915820    0    0     0  1127 4433 7320 83  4 11  0  2  0
 2  0      0 8262852 531884 6916208    0    0     0   456 5440 9509 76  4 19  0  2  0
 5  0      0 8261784 531888 6914744    0    0     0   218 7632 13581 60  5 34  0  2  0
 6  0      0 8269060 531888 6915596    0    0     0   298 8173 14812 65  4 28  0  2  0
 1  0      0 8161928 531900 6916396    0    0     0    23 8623 15412 54  5 39  0  2  0
 1  0      0 8285712 531904 6916628    0    0     0    62 6543 10757 39  6 53  0  2  0
 3  0      0 8242072 531904 6916952    0    0     0   412 5448 8855 53  5 40  0  2  0
 2  0      0 8267416 531916 6909408    0    0     0   136 5739 9795 61  6 31  0  2  0
 3  0      0 8163388 531948 6907216    0    0     0    51 6986 12307 54  5 38  0  2  0
 3  0      0 7978384 531948 6907984    0    0     0   321 7273 13112 72  4 21  0  2  0
 5  0      0 8031408 531948 6908364    0    0     0   928 6103 11040 90  4  5  0  2  0
 4  0      0 8218972 531952 6899300    0    0    12   157 6595 11621 68  5 23  1  3  0
 7  0      0 8249328 531984 6899448    0    0     0   344 5982 10500 78  4 15  0  2  0
 4  0      0 8354908 532012 6898520    0    0     0    75 6789 12454 72  4 22  0  2  0
 2  0      0 8385788 532016 6899160    0    0     0   154 8513 15020 43  5 51  0  1  0
 2  0      0 8360768 532016 6899212    0    0     0   244 6582 11105 28  5 65  0  3  0
 3  0      0 8357140 532016 6899280    0    0     0    58 5831 9900 35  4 60  0  2  0
 2  0      0 8310408 532016 6897344    0    0     0   176 7903 14214 32  4 62  0  2  0
 0  0      0 8347172 532016 6898448    0    0     0   333 5780 10042 27  3 68  0  1  0
 0  0      0 8419268 532016 6897896    0    0     0    19 6766 12078 13  3 83  0  1  0
 0  0      0 8406108 532016 6897908    0    0     0   209 6381 10891 16  5 78  0  1  0
 2  0      0 8409844 532016 6898496    0    0     0   412 10660 19321 20  5 73  0  2  0
 4  0      0 8358200 532028 6900532    0    0     0   127 15741 30035 45  6 49  0  1  0
 3  0      0 8303416 532216 6902212    0    0     0   144 15977 31469 63  5 30  0  1  0
 3  0      0 8332148 532316 6903624    0    0     0   529 11565 21981 57  5 37  0  1  0
 1  0      0 8361916 532476 6904872    0    0     0   339 11548 21055 42  5 51  0  2  0
 3  0      0 8396032 532504 6904436    0    0     0   239 14156 26211 42  6 51  0  2  0
 2  0      0 8341712 532504 6902600    0    0     0   157 15003 28752 51  7 40  0  3  0
 2  0      0 8308172 532504 6900712    0    0     0   374 10498 19654 58  6 35  0  2  0
 1  0      0 8360784 534020 6903116    0    0     0    60 6733 11738 57  6 35  0  2  0
 2  0      0 8343224 534020 6901768    0    0     0   156 6459 11383 62  6 30  0  2  0
 2  0      0 8370248 534028 6902248    0    0     0   768 5375 9106 61  5 32  0  1  0
 6  0      0 8404068 534028 6900412    0    0     0   188 4220 6704 55  5 39  0  1  0
 4  0      0 8197420 534036 6900556    0    0     0   186 2025 2330 67  4 28  0  1  0
 9  0      0 8175524 534036 6902340    0    0     0   362 2050 2413 78  3 17  0  1  0
 9  0      0 8337080 534036 6902472    0    0     0   114 1809 2330 96  2  0  0  1  0
11  0      0 8082116 534036 6902652    0    0     0    20 1837 2260 97  2  0  0  1  0
13  0      0 8077804 534036 6902684    0    0     0   375 1961 2580 96  2  0  0  1  0
11  0      0 8139224 534052 6902888    0    0     0    11 2028 2663 97  2  0  0  1  0
 2  0      0 8305996 534052 6902928    0    0     0    32 2033 2600 89  3  7  0  1  0
 3  0      0 8309096 534052 6903220    0    0     0   159 2634 3592 62  5 32  0  1  0
 2  0      0 8384992 534056 6902192    0    0     0    34 8075 14390 51  5 42  0  1  0
 2  0      0 8385624 534084 6902316    0    0     0   172 4041 6248 20  4 74  0  1  0
 2  0      0 8401920 534092 6903328    0    0     0   382 7977 14194 42  4 53  0  1  0
 2  0      0 8398132 534092 6903452    0    0     0   138 6882 11986 64  4 31  0  1  0
 2  0      0 8404004 534092 6904472    0    0     0   126 5338 8911 56  4 38  0  2  0
 2  0      0 8414816 534092 6904588    0    0     0   403 4595 7235 50  3 46  0  1  0
 3  0      0 8369540 534092 6905032    0    0     0   287 4094 6285 52  3 44  0  1  0
 4  0      0 8321860 534092 6905568    0    0     0   192 4332 6788 50  4 44  0  2  0
 3  0      0 8321408 534108 6905312    0    0     0   225 4437 6975 54  4 40  0  2  0
 3  0      0 8390284 534108 6901252    0    0     0   251 4982 8502 68  4 26  0  2  0
 5  0      0 8393060 534108 6901952    0    0     0   112 7701 13740 60  4 36  0  1  0
 4  0      0 8401944 534108 6902256    0    0     0   374 6737 11964 78  4 17  0  1  0
 2  0      0 8358864 534108 6903948    0    0     0   120 6182 10659 67  5 27  0  1  0
 2  0      0 8175392 534224 6904312    0    0     0    56 5186 8483 51  5 43  0  1  0
 3  0      0 8170804 534224 6907744    0    0     0   710 4141 6752 70  4 25  0  1  0
 4  0      0 8223088 534224 6910736    0    0     0   170 4961 8877 79  3 17  0  1  0
 1  0      0 8362176 534224 6911144    0    0     0   178 5177 8626 53  4 41  0  2  0
 1  0      0 8385720 534224 6911268    0    0     0   267 6787 11678 50  5 43  0  2  0
 2  0      0 8383332 534224 6911540    0    0     0   728 5584 9265 53  4 42  0  1  0
 3  0      0 8373820 534228 6911916    0    0     0    30 6145 12725 56  8 35  0  2  0
 3  0      0 8409336 534236 6910156    0    0     0   354 8049 14649 67  5 26  0  2  0
 9  0      0 8382136 534236 6910856    0    0     0   232 7761 13857 64  4 30  0  1  0
 5  0      0 8368972 534260 6911072    0    0     0    17 6686 11732 75  3 21  0  1  0
 3  0      0 8385212 534260 6911352    0    0     0   266 7180 12613 63  3 32  0  2  0
 4  0      0 8366056 534260 6911444    0    0     0   255 6589 11602 69  3 26  0  2  0
 4  0      0 8350216 534260 6911996    0    0     0    66 5924 10041 53  4 42  0  2  0
 4  0      0 8358420 534260 6912076    0    0     0   251 6978 12369 75  4 20  0  1  0
 3  0      0 8332896 534260 6912104    0    0     0    56 6018 12495 81  5 12  0  2  0
 4  0      0 8384628 534264 6912136    0    0     0    39 5391 9415 87  3  9  0  1  0
 3  0      0 8349492 534292 6912176    0    0     0    22 6507 11222 64  4 29  0  2  0
 6  0      0 8331348 534332 6912680    0    0     0   723 7600 13615 74  4 21  0  2  0
 5  0      0 8330524 534384 6913428    0    0     0   348 10178 19458 80  4 15  0  1  0
 7  0      0 8297848 534384 6914108    0    0     0   150 9133 17853 90  3  6  0  1  0
 7  0      0 8310752 534384 6915268    0    0     0   280 7758 15424 93  4  2  0  1  0
 9  0      0 8262004 534388 6916404    0    0     0    98 7640 14631 94  3  2  0  2  0
 7  0      0 8205384 534388 6920004    0    0     0   140 7268 13957 95  3  1  0  2  0
 6  0      0 8311792 534388 6914084    0    0     0   475 7616 14453 93  4  2  0  1  0
 8  0      0 8320708 534388 6915788    0    0     0   112 11137 22303 81  4 13  0  1  0
 2  1      0 8285020 534388 6916700    0    0     0   174 9498 19161 85  3 10  0  1  0
 4  1      0 8502948 534388 6789044    0    0     0  1139 11043 21567 76  5 17  1  2  0
 3  0      0 8837100 534388 6442084    0    0     0   152 11766 23069 75  5 16  2  2  0
 6  0      0 8842716 534388 6441524    0    0     0   153 11397 22101 69  4 25  0  2  0
 6  0      0 8797204 534404 6442424    0    0     2   788 8560 16683 85  3 10  0  1  0
 5  0      0 8805344 534404 6440936    0    0     0    85 8200 15735 83  3 12  0  2  0
 4  0      0 8855264 534404 6435756    0    0     0   173 9377 17741 73  3 21  0  2  0
 4  0      0 8846688 534404 6432024    0    0     0   433 8668 16167 76  4 18  1  2  0
 2  0      0 8847704 534404 6432516    0    0     0   277 5408 9193 67  4 25  0  4  0
 4  0      0 8852060 534404 6433008    0    0     0   198 5195 8784 73  3 22  0  2  0
 6  0      0 8858884 534404 6430876    0    0     0   244 3940 6151 86  2 10  0  2  0
 3  0      0 8843764 534404 6431116    0    0     0    31 3668 5647 93  1  3  0  2  0
 5  0      0 8793104 534404 6431356    0    0     0   124 3556 5337 90  2  7  0  2  0
 7  0      0 8772520 534404 6429236    0    0     0   107 4417 7161 94  2  2  0  1  0
 6  0      0 8775464 534404 6429704    0    0     0     3 4082 6521 96  1  2  0  1  0
 9  0      0 8748840 534876 6484660    0    0     0     6 4371 7011 89  2  7  0  2  0
 7  0      0 8451104 535452 6579960    0    0     0   438 3990 6327 93  2  3  0  1  0
 5  0      0 8481124 535452 6580096    0    0     0    44 3330 4982 95  2  1  0  2  0
 5  0      0 8655296 535452 6580236    0    0     0    80 2874 3967 96  1  1  0  1  0
 6  0      0 8475116 535452 6580400    0    0     0 15188 2786 3772 93  2  4  0  2  0
 3  0      0 8661272 535452 6580548    0    0     0    21 2486 3225 89  2  7  0  3  0
 6  0      0 8477200 535452 6581428    0    0     0    18 2454 3079 94  1  2  0  2  0
 4  0      0 8464172 535452 6581540    0    0     0    74 2453 3138 95  1  2  0  2  0
 6  0      0 8629100 535452 6581640    0    0     0    16 2598 3296 90  2  6  0  3  0
 6  0      0 8618984 535452 6582032    0    0    21    95 2494 3365 94  2  2  0  2  0
 6  0      0 8560912 535452 6585748    0    0     0    94 2389 2999 95  1  2  0  1  0
 4  0      0 8650484 535452 6588732    0    0     0    94 2489 3140 91  1  5  0  2  0
 8  0      0 8403724 536020 6600928    0    0    98   624 5956 10663 91  5  2  0  1  0
 8  0      0 8472452 536080 6602584    0    0    18   928 7079 13301 91  5  2  0  2  0
 5  0      0 7640880 536152 6640756    0    0    22   820 6100 15628 82 11  4  0  3  0
 8  0      0 7602308 536152 6631152    0    0     0  4586 7039 16026 88  6  4  0  2  0
 9  0      0 7554800 536164 6633924    0    0     0   586 7017 15753 90  6  2  0  2  0
22  0      0 7558124 536176 6634680    0    0    10  2092 6679 14977 89  7  2  0  2  0
 4  0      0 7599064 536228 6636048    0    0     0   230 8094 18650 86  7  5  0  2  0
 5  0      0 7562984 536228 6644808    0    0     0   254 8014 18389 87  6  5  0  2  0
 4  0      0 7580092 536244 6632880    0    0     0   322 7141 16361 85  5  7  0  3  0
 5  0      0 7620184 536244 6629084    0    0     0   644 5808 11699 87  3  7  0  2  0
 9  0      0 7619804 536244 6634912    0    0     0   494 5211 10945 85  3  9  0  2  0
10  0      0 7617292 536244 6634832    0    0     0   429 6139 12665 73  4 19  0  3  0
 9  0      0 7334924 536244 6635912    0    0    14   441 5727 12085 81  5 12  0  2  0
 4  0      0 7294156 536264 6631928    0    0     1   422 6644 16721 88  5  5  0  2  0
 5  0      0 7315520 536264 6632348    0    0     0   380 6137 12281 90  3  6  0  2  0
 5  0      0 7327800 536264 6632612    0    0     0   264 5432 10698 90  2  6  0  2  0
 6  0      0 7326796 536264 6632972    0    0     0   558 5433 10952 90  2  6  0  2  0
 3  0      0 7327592 536264 6633728    0    0     0   447 4509 8951 86  3  8  0  4  0
 8  0      0 7328116 536264 6631552    0    0     0   349 4385 8679 88  2  7  0  2  0
 4  0      0 7345584 536264 6631956    0    0     0   358 4664 8963 87  2  8  0  3  0
 4  0      0 7343576 536264 6631636    0    0     0   386 4461 8801 78  3 16  0  4  0
 3  0      0 7349396 536264 6632060    0    0     0   344 4591 9154 79  3 16  0  2  0
 3  0      0 7348160 536264 6632080    0    0     0   427 4738 9090 80  2 16  0  2  0
 5  0      0 7356732 536264 6630276    0    0     0   353 7171 13912 80  3 14  0  2  0
 8  0      0 7353512 536264 6631080    0    0     0   192 7709 15667 81  3 14  0  2  0
 5  0      0 7350252 536264 6634332    0    0     0   314 5526 11307 77  4 17  0  3  0
 4  0      0 7348740 536264 6633264    0    0     0   523 4662 9943 79  4 14  0  3  0
 2  0      0 7766616 536264 6632996    0    0     0   155 5394 11487 80  4 13  0  3  0
 4  0      0 7735872 536264 6633384    0    0     0   539 5315 11285 80  4 14  0  2  0
 8  0      0 7748660 536264 6632728    0    0     0   552 6589 13460 84  4  9  0  4  0
 6  0      0 7726060 536264 6634200    0    0     0   209 6379 13478 82  4 12  0  2  0
 8  0      0 7742920 536264 6632064    0    0     0   209 6711 13636 67  4 27  0  2  0
 3  0      0 7734604 536264 6634220    0    0     0   622 6229 11439 49  6 41  0  4  0
 5  0      0 7738664 536264 6634320    0    0     0   259 6239 12163 56  5 35  0  3  0
 1  0      0 7738696 536264 6635160    0    0     0   317 5172 10644 69  4 25  0  3  0
 2  0      0 7731276 536264 6633996    0    0     0   698 4990 10578 69  4 23  0  3  0
 4  0      0 7731168 536264 6631176    0    0     0   342 6106 13377 80  4 13  0  2  0
 2  0      0 7731628 536264 6631516    0    0     0   147 5403 11872 83  4 11  0  2  0
 2  0      0 7750168 536264 6632028    0    0     0   715 5649 11797 68  5 24  0  3  0
 4  0      0 7739892 536264 6633492    0    0     0   372 6088 11919 59  5 34  0  2  0
 3  0      0 7736380 536264 6632056    0    0     0   108 6063 11580 57  5 37  0  2  0
 4  0      0 7761652 536264 6632288    0    0     0   815 6587 11523 39  6 49  0  5  0
 4  0      0 7755880 536264 6637440    0    0     0   442 7185 12203 35  7 54  0  5  0
 0  0      0 7754876 536264 6637664    0    0     0    94 7503 12813 34  7 57  0  3  0
 7  0      0 7734888 536264 6637840    0    0     0   385 7026 12285 40  6 50  0  4  0
 7  0      0 7712192 536264 6636040    0    0     0   852 7171 14694 70  5 23  0  2  0
 6  0      0 7698080 536264 6636412    0    0     0   534 8972 19157 90  5  4  0  1  0
 8  0      0 7696372 536264 6636720    0    0     0   430 7301 15632 89  4  5  0  2  0
 6  0      0 7709792 536264 6637632    0    0     0   360 5993 12901 88  4  6  0  2  0
 5  0      0 7712516 536268 6635432    0    0     0   897 6339 13618 87  5  6  0  2  0
 8  0      0 7718896 536268 6637184    0    0     0   465 6022 12721 87  4  8  0  2  0
 6  0      0 7719984 536268 6631628    0    0     0   514 6822 13845 89  4  5  0  1  0
 4  0      0 7847480 536268 6632744    0    0     0   260 7355 14818 90  3  5  0  1  0
 7  0      0 7795108 536268 6635720    0    0     0    18 6583 13265 89  4  6  0  2  0
 4  0      0 7767132 536268 6637804    0    0     0   237 5457 10899 88  3  7  0  2  0
 6  0      0 7716524 536268 6634012    0    0     0   222 5214 10529 87  3  8  0  2  0
 6  0      0 7683724 536268 6635352    0    0     0  1197 5488 10893 88  3  8  0  2  0
 8  0      0 7689440 536268 6635588    0    0     0   268 5430 10919 86  3  9  0  2  0
 5  0      0 7686216 536268 6633372    0    0     0    69 6302 12717 90  4  5  0  2  0
 7  0      0 7681424 536268 6634800    0    0     0   856 6528 13035 91  4  4  0  1  0
 6  0      0 7679228 536268 6637924    0    0     0   176 5511 11153 92  3  3  0  2  0
 6  0      0 7693040 536268 6638124    0    0     0   226 5478 10788 93  3  3  0  1  0
 3  0      0 7689788 536268 6638284    0    0     0   638 4837 9488 89  3  6  0  2  0
 6  0      0 7845772 536268 6638348    0    0     0   918 4671 9022 90  3  5  0  2  0
 0  0      0 7870816 536268 6638204    0    0     0   209 5544 9126 29  5 65  0  1  0
 6  0      0 7818288 536268 6636508    0    0     0   746 5658 9630 47  7 42  0  4  0
 1  0      0 7827216 536272 6638352    0    0     0   486 5679 9703 50  5 42  0  3  0
 6  0      0 7865284 536272 6637416    0    0     0   462 5729 9860 51  5 42  0  2  0
 1  0      0 7864484 536272 6636020    0    0     0   656 9087 17117 52  5 39  0  3  0
 0  0      0 7869536 536272 6631708    0    0     0   313 8464 15044 38  5 53  0  4  0
 1  1      0 7860980 536276 6635248    0    0     0   178 7434 12340 23  5 66  0  5  0
 0  0      0 7872212 536276 6635976    0    0     0   391 7505 12624 17  5 76  0  2  0
 2  0      0 7861292 536276 6636200    0    0     0   667 7528 12644 19  5 73  0  3  0
 0  0      0 7861744 536276 6632824    0    0     0   380 7864 14149 47  6 45  0  2  0
 2  0      0 7844992 536276 6634576    0    0     0   642 7916 13703 28  7 63  0  3  0
 2  0      0 7860152 536276 6632288    0    0     0   705 7915 13452 27  6 64  0  3  0
 2  0      0 7853948 536276 6633588    0    0     0   292 6719 11402 38  5 55  0  2  0
 2  0      0 8307172 536276 6170628    0    0     0   412 8167 14173 44  7 41  4  3  0
 2  0      0 8305688 536276 6170676    0    0     0   822 6980 11589 25  5 66  0  3  0
 4  0      0 8312052 536276 6168816    0    0     0   431 8039 13674 29  5 63  0  2  0
 1  0      0 8321312 536276 6169112    0    0     0   330 7961 13810 33  6 58  0  2  0
 4  0      0 8324056 536276 6169656    0    0     0   519 6232 10448 30  5 63  0  2  0
 7  0      0 9009364 536296 6143192    0    0     0   323 5975 10298 71  6 20  0  2  0
 4  0      0 9053184 536296 6143036    0    0     0    85 7834 13158 38  6 53  0  3  0
 3  0      0 9038792 536296 6143404    0    0     0   288 7647 12817 28  6 64  0  3  0
 1  0      0 9041324 536296 6143296    0    0     0   197 7542 12838 43  5 50  0  2  0
 2  0      0 9036372 536296 6143616    0    0     0    24 7901 13203 22  5 71  0  3  0
 1  0      0 9044508 536296 6143792    0    0     0   132 7613 12512 23  6 67  0  4  0
 1  0      0 9050960 536340 6142228    0    0     0    26 10079 17590 32  6 59  0  2  0
 1  0      0 8844308 537196 6291712    0    0     0    49 8751 15049 31  6 61  0  2  0
 3  0      0 8847092 537236 6292408    0    0     0   423 7779 13080 30  5 62  0  3  0
 1  0      0 8887568 537272 6293296    0    0     0    36 7947 13466 32  5 61  0  2  0
 0  0      0 8899104 537296 6293548    0    0     0 14944 8283 14049 30  6 62  0  2  0
 1  0      0 8888148 537316 6293988    0    0     0    44 7460 12397 20  5 72  0  2  0
 2  0      0 8886008 537336 6294616    0    0     0   344 6430 10576 18  6 73  0  4  0
 0  0      0 8910912 537348 6294764    0    0     0    33 5983 9762 17  5 75  0  3  0
 1  0      0 8904896 537368 6294960    0    0     0    41 6273 10383 16  5 76  0  3  0
 1  0      0 8939264 537384 6295060    0    0     0   151 6252 10391 16  4 79  0  2  0
 1  0      0 8939924 537404 6295212    0    0     0    22 6115 10065 16  4 77  0  2  0
 2  0      0 8939088 537420 6295404    0    0     0    19 5922 9693 17  5 74  0  3  0
 1  0      0 8934500 537436 6295580    0    0     0    50 5861 9628 17  6 75  0  2  0
 1  0      0 8918360 537440 6293360    0    0     0    65 7180 12547 30  5 61  0  3  0
 1  0      0 8921776 538028 6293928    0    0     0    56 11378 21052 33  6 59  0  2  0
 2  0      0 8919648 538028 6294040    0    0     0   198 9366 15863 33  6 59  0  2  0
 1  0      0 8906292 538252 6294568    0    0     0    82 7656 12665 34  5 58  0  3  0
 6  0      0 8908852 538412 6294432    0    0     0    83 8088 12989 29  5 61  0  4  0
 3  0      0 8908556 538428 6294372    0    0     0   132 7344 11848 41  4 52  0  3  0
 1  0      0 8920692 538448 6294716    0    0     0    26 6786 10985 50  4 43  0  3  0
 3  0      0 8919132 538500 6295280    0    0     0    30 7522 12025 31  5 61  0  3  0
 1  0      0 8929412 538788 6295140    0    0     0   142 8277 13299 31  5 61  0  3  0
 3  0      0 8923272 538788 6293108    0    0     0    13 8880 14394 29  5 62  0  4  0
 0  0      0 8934188 538832 6293800    0    0     0     4 10652 18264 33  5 58  0  3  0
 0  0      0 8929948 538852 6294336    0    0     0   131 9594 16452 36  7 53  0  4  0
 0  0      0 8924604 538868 6294504    0    0     0     2 8926 15087 35  7 54  0  4  0
 1  0      0 8923848 538888 6294800    0    0     0    44 7937 12900 25  5 68  0  2  0
 1  0      0 8920824 538888 6295016    0    0     0   170 8260 13443 29  4 65  0  2  0
 1  0      0 8934208 538888 6295124    0    0     0    43 10077 16660 31  5 59  0  4  0
 2  0      0 8924288 538888 6295596    0    0     0    31 9622 16586 24  6 65  0  4  0
 1  0      0 8925072 538904 6295972    0    0     0   191 9967 17340 32  6 57  0  5  0
 3  0      0 8917268 538924 6294272    0    0     0    30 11178 19460 31  6 60  0  4  0
 1  0      0 8914720 538956 6295016    0    0     0    21 12069 21669 35  6 57  0  2  0
 4  0      0 8911696 538984 6295888    0    0     0   193 12098 21618 37  6 55  0  2  0
 3  0      0 8909036 538984 6296256    0    0     0    38 11760 20511 31  5 61  0  3  0
 5  0      0 8905648 538984 6296468    0    0     0    85 10264 18174 38  6 52  0  4  0
 1  0      0 8911544 538984 6296040    0    0     0   211 9166 15840 39  5 53  0  4  0
 0  0      0 8920388 538984 6296024    0    0     0    30 10435 18333 29  6 60  0  4  0
 5  0      0 8920136 538984 6296648    0    0     0    40 9311 16140 27  6 63  0  5  0
 0  0      0 8923884 538984 6294764    0    0     0   226 10514 18953 38  6 54  0  2  0
 1  0      0 8925712 539008 6294772    0    0     0    14 12782 23360 30  6 61  0  3  0
 3  0      0 8929076 539036 6295404    0    0     0     8 13501 25061 35  6 56  0  3  0
 1  0      0 8928376 539052 6297376    0    0     0   249 19085 36740 48  6 44  0  2  0
 2  0      0 8927316 539052 6299008    0    0     0    62 19547 38062 51  5 42  0  2  0
 4  0      0 8926756 539052 6300860    0    0     0    98 18663 34460 42  4 52  0  2  0
 3  0      0 8925748 539052 6302036    0    0     0    92 16416 29055 35  4 60  0  1  0
 2  0      0 8926460 539052 6301516    0    0     0   462 17674 31877 39  5 52  0  4  0
 3  0      0 8928972 539052 6301548    0    0     0   168 19310 36183 45  5 48  0  2  0
 2  0      0 8927264 539064 6296716    0    0     0    96 17639 32892 46  6 46  0  2  0
 2  0      0 8923688 539068 6297728    0    0     0   342 10180 18315 41  5 52  0  2  0
 2  0      0 8921008 539068 6298028    0    0     0   110 12057 21536 41  5 52  0  2  0
 2  0      0 8921460 539068 6296452    0    0     0   108 10158 16750 35  5 57  0  3  0
 1  0      0 8918540 539068 6294616    0    0     0   263 8946 14633 32  5 59  0  3  0
 0  0      0 8929980 539068 6294800    0    0     0    64 7279 11521 29  4 63  0  3  0
 1  0      0 8929980 539068 6294992    0    0     0    22 7399 11829 28  4 65  0  2  0
 0  0      0 8929980 539068 6295228    0    0     0   104 6875 10675 36  4 56  0  4  0
 0  0      0 8923796 539068 6293452    0    0     0    26 5979 9158 28  5 62  0  5  0
 5  0      0 8928132 539068 6293828    0    0     0     2 8511 14120 30  5 63  0  3  0
 1  0      0 8927628 539068 6294212    0    0     0    62 8211 13597 33  5 58  0  3  0
 2  0      0 8923188 539068 6294600    0    0     0    33 7857 12932 35  5 57  0  3  0
 3  0      0 8937640 539068 6294952    0    0     0    28 7589 12281 38  5 55  0  2  0
 2  0      0 8914392 539096 6295508    0    0     0   142 11719 21818 58  6 32  0  4  0
 1  0      0 8926832 539144 6295956    0    0     0   102 8675 14257 36  5 54  0  4  0
 1  0      0 8926076 539192 6296548    0    0     0    56 6040 9893 52  4 40  0  3  0
 2  0      0 8923252 539208 6296948    0    0     0   290 6284 10963 60  4 31  0  5  0
 2  0      0 9020352 539208 6296288    0    0     0   132 5731 9480 40  4 54  0  2  0
 2  0      0 9019508 539220 6296644    0    0     0    16 3674 5346 44  3 52  0  1  0
 3  0      0 9001820 539224 6296500    0    0     0   214 3711 5526 38  4 55  0  3  0
 2  0      0 9001840 539224 6296828    0    0     0    48 3363 4842 48  3 47  0  2  0
 3  0      0 9032620 539232 6297400    0    0     3    54 3273 4875 32  3 64  0  1  0
 2  0      0 9025500 539336 6297096    0    0     0   191 5687 9052 34  5 58  0  2  0
 1  0      0 9028720 539336 6294752    0    0     0    19 7176 12171 26  5 66  0  2  0
 2  0      0 9023180 539336 6295276    0    0     0     4 8738 15412 29  5 64  0  2  0
 1  0      0 9022676 539336 6295564    0    0     0    89 7561 12990 32  5 60  0  3  0
 2  0      0 9042704 539336 6295956    0    0     0     4 5716 9604 26  4 69  0  2  0
 1  0      0 9041052 539336 6296068    0    0     0    54 5133 8410 20  4 75  0  1  0
 0  0      0 9035736 539336 6296264    0    0     0   112 6798 11397 22  4 72  0  2  0
 1  0      0 9036184 539336 6296500    0    0     0    41 5336 8630 24  5 70  0  1  0
 2  0      0 9035192 539336 6296828    0    0     0    27 6415 10770 29  5 65  0  1  0
 2  0      0 9031664 539336 6297104    0    0     0    97 6336 10349 33  5 59  0  3  0
 2  0      0 9054808 539336 6297436    0    0     0    21 5813 9409 36  5 57  0  2  0
 2  0      0 9051028 539336 6297840    0    0     0    25 5391 8770 37  5 55  0  3  0
 2  0      0 9051196 539336 6295892    0    0     0   132 6361 10621 29  5 64  0  3  0
 0  0      0 9039028 539336 6295848    0    0     0    44 5870 9785 36  4 58  0  2  0
 1  0      0 9027060 539336 6295764    0    0     0    89 6056 10142 20  4 75  0  1  0
 2  0      0 9025560 539336 6295660    0    0     0   114 5177 8504 28  4 65  0  3  0
 2  0      0 9043472 539336 6295912    0    0     0    21 4584 7575 26  3 69  0  1  0
 0  0      0 9059968 539336 6295744    0    0     0    12 4726 8168 27  2 70  0  1  0
 3  0      0 9052804 539336 6295600    0    0     0    14 3970 6720 24  2 72  0  1  0
 4  0      0 9042576 539336 6295648    0    0     0    98 5898 10072 63  3 32  0  2  0
 6  0      0 9044276 539336 6295476    0    0     0    16 4662 7383 52  4 43  0  1  0
 1  0      0 9025524 539336 6295856    0    0     0    18 7853 13988 68  3 27  0  2  0
 4  0      0 9002256 539336 6297192    0    0     0   178 10539 20107 82  3 14  0  1  0
 6  0      0 9028464 539336 6298116    0    0     0    17 10703 21074 83  3 13  0  1  0
 5  0      0 9011764 539336 6299560    0    0     0   862 10360 19994 81  2 15  0  2  0
 0  0      0 9002976 539336 6300568    0    0     0   432 9192 17398 75  2 21  0  2  0
 6  0      0 8990004 539336 6301440    0    0     0   184 7710 14207 69  3 26  0  2  0
 5  0      0 9019008 539336 6300324    0    0     0   151 7846 14313 65  3 29  0  3  0
 3  0      0 8994496 539336 6301824    0    0     0   442 10279 19365 67  4 28  0  2  0
 9  0      0 8897104 539344 6302872    0    0     0    51 10167 21922 86  4  8  0  2  0
 6  0      0 8856872 539344 6306356    0    0     0    50 12185 27898 90  5  3  0  2  0
 8  0      0 8879480 539344 6313084    0    0     5   501 12751 27962 90  5  4  0  2  0
 5  0      0 8866712 539344 6318108    0    0     0   171 11566 24366 91  4  3  0  1  0
 8  0      0 8878284 539348 6322752    0    0     0   664 11126 23196 86  4  7  0  3  0
 8  0      0 8880000 539352 6322228    0    0     0   908 9914 20027 85  4  9  0  3  0
 8  0      0 8865636 539360 6323120    0    0     0   616 9408 19129 90  4  5  0  2  0
 7  0      0 8865320 539360 6319948    0    0     0   442 8944 17641 90  4  4  0  2  0
 7  0      0 8790236 539372 6320560    0    0     0   583 7096 13168 94  3  1  0  2  0
 3  0      0 8796244 539404 6319148    0    0     0    69 5685 10221 90  2  5  0  2  0
 1  0      0 8996096 539432 6311592    0    0     0    52 7217 12803 60  4 34  0  2  0
 4  0      0 8935888 539436 6309676    0    0     0   390 8092 16323 69  5 25  0  2  0
 5  0      0 8986864 539644 6311884    0    0    13    18 14844 29071 69  3 26  0  2  0
 5  0      0 8946444 539644 6313160    0    0     0   155 10093 19526 66  4 27  0  2  0
 5  0      0 8906384 539644 6314080    0    0     0   196 7445 13487 63  4 31  0  2  0
 4  0      0 8476156 539644 6343456    0    0     0   242 7706 14550 88  4  7  0  2  0
 3  0      0 8678664 539644 6331460    0    0     0   168 6975 12864 85  3  9  0  2  0
 3  0      0 8648820 539644 6306500    0    0     0   253 3839 5839 61  3 33  1  2  0
 1  0      0 8499368 540192 6611300    0    0     0  1648 1479 1268 48  4 46  0  1  0
 1  0      0 8534616 540192 6611320    0    0     0     7  648  468 26  1 72  0  0  0
 4  0      0 8510272 540192 6611912    0    0     0   676 5750 9930 26  4 69  0  1  0
 2  0      0 8420496 540192 6612916    0    0     0     9 8062 14097 44  5 50  0  2  0
 1  0      0 8705980 540212 6613556    0    0     0 29864 6455 11133 32  4 62  0  2  0
 0  0      0 8707608 540212 6614292    0    0     0   372 4195 7093  9  1 88  0  1  0
 2  0      0 8719064 540212 6614620    0    0     0    80 3709 6277  8  1 89  0  1  0
 0  0      0 8735372 540212 6614836    0    0     0    54 3849 6589  8  1 89  0  1  0
 0  0      0 8730676 540228 6615188    0    0     2   186 2805 4941  6  1 92  0  1  0
 0  0      0 8746808 540228 6612328    0    0     0    15 3578 6441  7  1 91  0  1  0
 1  0      0 8747828 540228 6613060    0    0     0     4 6327 11771 11  1 87  0  1  0
 0  0      0 8731224 540228 6613804    0    0     0   150 7063 12355 22  4 70  0  4  0
 0  0      0 8721396 540228 6614192    0    0     0     1 5495 9247 10  3 85  0  2  0
 0  0      0 8706036 540228 6614556    0    0     0    59 4673 7660 10  3 84  0  2  0
 1  0      0 8693464 540228 6614924    0    0     0    74 4967 8294 11  3 84  0  2  0
 1  0      0 8737524 540228 6615172    0    0     0   152 4898 8163 12  3 83  0  2  0
 0  0      0 8729488 540228 6615548    0    0     0    32 4815 8006 13  3 82  0  2  0
 0  0      0 8720316 540228 6612508    0    0     0    25 3687 5843 10  2 86  0  2  0
 2  0      0 8741504 540228 6612528    0    0     0   118 2334 3417  7  2 90  0  1  0
 1  0      0 8736464 540228 6612544    0    0     0     3 2198 3235  8  1 90  0  1  0
 1  0      0 8507804 540228 6612660    0    0     0    17 1777 2177 27  2 69  0  1  0
 1  0      0 8432864 540228 6612668    0    0     0    29 1390 1544 32  1 67  0  1  0
 1  0      0 8428832 540228 6612668    0    0     0     0 1236 1171 35  1 63  0  2  0
 0  0      0 8736068 540228 6612672    0    0     0    13 1377 1962  5  1 93  0  1  0
 1  0      0 8732172 540228 6613840    0    0     0    88 10980 20752 18  4 77  0  1  0
 0  0      0 8729400 540228 6615636    0    0     0     3 11204 21009 25  3 70  0  2  0
 0  0      0 8728896 540356 6616620    0    0    13     2 7865 14207 17  4 77  0  3  0
 0  0      0 8726628 540356 6617360    0    0     0   265 6321 11103 14  2 82  0  2  0
 3  0      0 8722688 540356 6617924    0    0     0   147 6197 10817 16  3 80  0  2  0
 2  0      0 8723640 540356 6616056    0    0     0    81 6355 11162 12  3 82  0  2  0
 0  0      0 8724784 540356 6616348    0    0     0   187 3668 6194 13  1 85  0  1  0
 0  0      0 8733540 540356 6612860    0    0     0    14 3420 5662 14  1 83  0  2  0
 0  0      0 8718456 540484 6612916    0    0    13   105 1187 1503 11  1 86  1  1  0
 0  0      0 8750816 540484 6612916    0    0     0   141  684  887  6  0 93  0  0  0
 1  0      0 8695780 540484 6613376    0    0    13    39  470  421  8  1 91  0  0  0
 1  0      0 8510928 540484 6612512    0    0     0   117 1167 1439 27  5 68  0  1  0
 8  0      0 8490516 540484 6626636    0    0     0   118 1517 1616 72  2 25  0  1  0
 5  0      0 8494444 540484 6607596    0    0     0   585 1805 1814 94  2  3  0  2  0
 4  0      0 8616644 540484 6612716    0    0    10    23 1773 1716 96  1  1  0  1  0
 6  0      0 8587112 540484 6617080    0    0   255     3 1970 2087 90  2  4  3  1  0
 6  0      0 8522284 540492 6629232    0    0    12   129 2362 2712 81  2 15  0  2  0
 5  0      0 8476220 540492 6632284    0    0     6   554 2450 2964 75  4 19  0  1  0
 3  0      0 8466228 540492 6635740    0    0     0   829 2160 2401 86  2 11  0  2  0
 5  0      0 8462796 540492 6638704    0    0     0   578 2132 2370 86  3 10  0  2  0
 5  0      0 8518516 540492 6639144    0    0     0   955 1801 1644 82  3 14  0  1  0
 3  0      0 8512484 540492 6641860    0    0     1   306 1876 1746 77  3 18  0  1  0
 4  0      0 8509080 540504 6642048    0    0     0   450 1850 1661 77  4 18  0  2  0
 5  0      0 8464208 540516 6643884    0    0     0   180 1801 1569 80  3 16  0  1  0
 5  0      0 8396140 540720 6645096    0    0     0    59 1677 1405 83  2 13  0  1  0
 3  0      0 8461260 541416 6646852    0    0     0   436 1701 1462 81  3 13  0  2  0
 4  0      0 8438120 541864 6663876    0    0    13   138 1465 1047 89  2  8  0  1  0
 3  0      0 8436680 542324 6665612    0    0     0   127 1230  724 78  1 19  0  1  0
 4  0      0 8431696 542324 6665956    0    0    34   534 1417 1026 79  2 17  1  1  0
 3  0      0 8428236 542344 6666212    0    0     0  1460 1387  882 91  1  7  0  1  0
 1  0      0 8441908 542360 6666448    0    0     0    93  674  433 33  1 65  0  0  0
 6  0      0 8383172 542424 6667464    0    0     0   111 1491 1679 80  2 17  0  1  0
 7  0      0 8390716 542424 6667464    0    0     0     0 1624 1738 99  1  0  0  1  0
 6  0      0 8397804 542460 6669668    0    0     0    30 1643 1778 97  1  0  0  1  0
 5  0      0 8395840 542592 6670240    0    0     0   150 2214 2967 97  1  0  0  1  0
 5  0      0 8395084 542600 6670440    0    0     0    20 2750 3960 97  1  1  0  1  0
 7  0      0 8394328 542600 6670596    0    0     0   166 2783 4020 98  1  1  0  1  0
 5  0      0 8154784 542620 6670616    0    0     0    57 2004 2400 98  1  0  0  1  0
 7  0      0 8146720 542620 6670616    0    0     0    10 2211 2736 99  1  0  0  1  0
 6  0      0 8148316 542712 6670824    0    0     0     8 2163 2633 98  1  0  0  1  0
 6  0      0 8116188 543076 6673372    0    0     0    55 1422 1304 98  1  0  0  1  0
 6  0      0 8096668 543632 6681424    0    0     0    32 1501 1693 93  5  0  0  1  0
 5  0      0 7959236 543668 6681824    0    0     0    14 1401 1231 97  2  0  0  1  0
 6  0      0 7959148 543676 6682996    0    0     1   564 1550 1487 99  1  0  0  1  0
 6  0      0 7973972 543680 6683188    0    0     0   453 1688 1717 98  1  0  0  1  0
 6  0      0 8024716 543688 6683208    0    0     0   188 1685 1752 99  1  0  0  1  0
 9  0      0 8029104 543696 6684152    0    0    24   192 1757 1865 98  1  0  0  1  0
 6  0      0 8029104 543696 6684156    0    0     0    13 1696 1720 98  1  0  0  1  0
 5  0      0 8006464 543756 6684884    0    0     0     4 1524 1529 98  1  0  0  1  0
 6  0      0 7941100 543828 6690712    0    0     0   156 1431 1337 97  2  0  0  1  0
 5  0      0 7988936 543844 6691908    0    0     0     2 1283 1041 98  1  0  0  1  0
 6  0      0 7998164 544468 6695256    0    0     0    46 1207  910 98  1  0  0  1  0
 6  0      0 7994428 544500 6697388    0    0     0   180 1116  778 99  1  0  0  1  0
 6  0      0 7978124 544572 6701600    0    0     0   872 1411 1288 98  1  0  0  1  0
 6  0      0 7990760 544628 6704880    0    0     0   157 1192  922 98  1  0  0  1  0
 2  0      0 8013504 544716 6711100    0    0     0    39 1181 1007 75  1 24  0  1  0
 1  0      0 8016552 544716 6711104    0    0     0   740  451  187 25  0 74  0  0  0
 1  0      0 8016552 544716 6711116    0    0     0   197  511  225 26  1 74  0  0  0
 0  0      0 7984436 544980 6713720    0    0     0   620 1262 1047 38  4 58  0  1  0
 2  0      0 7958260 545600 6715296    0    0     0   125 1197 1018 27  4 69  0  1  0
 1  0      0 7965324 546424 6719568    0    0     0     5 1435 1160 39  7 53  0  1  0
 1  0      0 7947984 546632 6721460    0    0     0   195 1282 1156 34  3 62  0  1  0
 1  0      0 7960600 546640 6724240    0    0     0   337 1459 1641 30  1 68  0  1  0
 1  0      0 7960576 546656 6729832    0    0     0   326 1398 1500 32  1 67  0  1  0
 2  0      0 7956736 546672 6735236    0    0     0   162 1286 1176 36  1 62  0  1  0
 1  0      0 7955196 546680 6739640    0    0     0   366 1306 1195 37  1 62  0  1  0
 1  0      0 7954424 546708 6742364    0    0     0   499 1475 1634 31  1 67  0  1  0
 1  0      0 7946624 546884 6745104    0    0     0   436 1617 1888 27  3 69  0  1  0
 1  0      0 7938632 546952 6754956    0    0     0   636 1442 1562 32  1 66  0  1  0
 2  0      0 7940924 546952 6754836    0    0     0   249 1448 1617 31  1 68  0  1  0
 0  0      0 8593968 546952 6754852    0    0     0   180 1344 1564 20  1 78  0  1  0
 1  0      0 8582884 546952 6754860    0    0     0   789 1032 1215 16  1 82  0  1  0
 1  0      0 8589392 546952 6754888    0    0     0   179  810  748 23  1 76  0  1  0
 2  0      0 8543012 546956 6755064    0    0     0    75 1296 1480 27  2 70  0  1  0
 2  0      0 8557040 546956 6755316    0    0     8    49 2668 4007 28  2 68  0  1  0
 0  0      0 8611860 546956 6755296    0    0     0     6 1553 2336 10  1 88  0  1  0
 0  0      0 8617424 546956 6755312    0    0     0     8  403  455  2  0 97  0  0  0
 0  0      0 8615384 546956 6755332    0    0     2    28  230  254  1  0 99  0  0  0
 1  0      0 8615384 546956 6755344    0    0     0    55  248  218  1  0 99  0  0  0
 2  0      0 8573052 546956 6755428    0    0     0     6 2495 2967 73  2 23  0  2  0
 2  0      0 8553144 546956 6755464    0    0     0     7 2589 3136 78  2 18  0  2  0
 3  0      0 8571460 546956 6755468    0    0     0    22 2586 3077 77  2 19  0  2  0
 5  0      0 8568688 546956 6755468    0    0     0     7 2548 3002 76  2 20  0  2  0
 5  0      0 8568184 546956 6755472    0    0     0     2 2517 2977 76  3 19  0  2  0
 5  0      0 8567932 546956 6755476    0    0     0     9 2571 3071 76  2 20  0  2  0
 3  0      0 8564152 546956 6755476    0    0     0     0 2590 3038 76  3 20  0  1  0
 4  0      0 8577184 546956 6755488    0    0     0     1 2446 2833 79  2 18  0  2  0
 4  0      0 8572624 546956 6755500    0    0     0     6 2572 3055 77  2 19  0  2  0
 3  0      0 8572624 546956 6755500    0    0     0     0 2491 2934 77  2 19  0  2  0
 3  0      0 8572372 546956 6755500    0    0     0     2 2531 2969 77  2 19  0  2  0
 4  0      0 8567584 546956 6755508    0    0     0     4 2559 3069 78  2 19  0  1  0
 2  0      0 8562500 546956 6755528    0    0     0    14 2517 3048 76  3 19  0  3  0
 5  0      0 8562288 546956 6755536    0    0     0     4 2538 3047 76  3 19  0  2  0
 4  0      0 8575812 546956 6755540    0    0     0     6 2571 3054 77  3 19  0  1  0
 3  0      0 8535776 546956 6755572    0    0     0    21 2530 3022 77  2 18  0  2  0
 5  0      0 8545556 546956 6755572    0    0     0     0 2534 2999 77  2 19  0  2  0
 3  0      0 8545052 546956 6755572    0    0     0     0 2481 2912 77  2 19  0  2  0
 3  0      0 8545052 546956 6755572    0    0     0     5 2420 2797 79  2 16  0  2  0
 3  0      0 8549148 546956 6755572    0    0     0     9 2417 2773 80  2 16  0  2  0
 5  0      0 8549148 546956 6755572    0    0     0     0 2480 2878 78  2 18  0  2  0
 3  0      0 8547384 546956 6755572    0    0     0     0 2438 2794 79  2 17  0  2  0
 3  0      0 8557104 546956 6755584    0    0     0     3 2371 2722 81  2 15  0  2  0
 3  0      0 8557356 546956 6755596    0    0     0     1 2341 2671 81  2 16  0  2  0
 4  0      0 8548536 546956 6755596    0    0     0     0 2477 2924 76  2 19  0  3  0
 5  0      0 8548536 546956 6755596    0    0     0     7 2509 2959 77  2 19  0  2  0
 5  0      0 8548536 546956 6755596    0    0     0     2 2551 3017 77  2 20  0  2  0
 4  0      0 8544504 546956 6755596    0    0     0     0 2527 3013 76  2 20  0  2  0
 4  0      0 8544504 546956 6755596    0    0     0     4 2554 3045 74  2 21  0  3  0
 3  0      0 8544504 546956 6755596    0    0     0     0 2523 2994 76  2 20  0  2  0
 5  0      0 8558796 546956 6755608    0    0     0     0 2469 2874 76  2 19  0  3  0
 3  0      0 8557536 546956 6755620    0    0     0     5 2429 2820 77  2 18  0  3  0
 5  0      0 8557536 546956 6755620    0    0     0     1 2514 2974 77  2 19  0  2  0
 5  0      0 8553504 546956 6755620    0    0     0     2 2536 2994 77  2 19  0  2  0
 4  0      0 8553504 546956 6755620    0    0     0     2 2458 2882 77  2 19  0  2  0
 3  0      0 8553504 546956 6755620    0    0     0     3 2596 3108 75  2 20  0  2  0
 4  0      0 8553504 546956 6755620    0    0     0     1 2544 3021 76  2 20  0  2  0
 4  0      0 8553504 546956 6755620    0    0     0     1 2536 2977 77  2 19  0  2  0
 1  0      0 8585060 546956 6755636    0    0     0     4 1526 1516 54  1 44  0  1  0
 1  0      0 8582540 546956 6755636    0    0     0     0  678  582 20  0 79  0  1  0
 1  0      0 8582540 546956 6755636    0    0     0     0  618  481 22  0 77  0  1  0
 1  0      0 8582540 546956 6755636    0    0     0     2  562  385 23  0 76  0  1  0
 1  0      0 8582540 546956 6755636    0    0     0     6  551  367 23  0 76  0  1  0
 1  0      0 8584092 546956 6755640    0    0     0     0  565  410 22  0 76  0  2  0
 1  0      0 8584092 546956 6755640    0    0     0     1  574  395 23  0 76  0  1  0
 1  0      0 8583336 546956 6755640    0    0     0     4  565  387 23  0 76  0  1  0
 0  0      0 8583084 546956 6755640    0    0     0     0  598  457 22  0 77  0  1  0
 1  0      0 8582832 546956 6755640    0    0     0     0  642  518 21  0 78  0  1  0
 1  0      0 8578800 546956 6755640    0    0     0     2  657  560 20  0 79  0  1  0
 1  0      0 8579972 546956 6755640    0    0     0     0  701  625 20  0 79  0  1  0
 1  0      0 8579972 546956 6755640    0    0     0     0  696  614 19  0 79  0  1  0
 0  0      0 8579468 546956 6755640    0    0     0     0  667  574 20  0 79  0  1  0
 1  0      0 8581624 546956 6755644    0    0     0     2  709  639 20  0 79  0  1  0
 1  0      0 8582128 546956 6755644    0    0     0     0  688  621 19  1 79  0  1  0
 1  0      0 8582128 546956 6755644    0    0     0     0  661  572 20  0 79  0  1  0
 1  0      0 8582676 546956 6755648    0    0     0    11  812  751 21  1 76  0  2  0
 0  0      0 8576492 546956 6755756    0    0     0    10  880  830 21  1 77  0  1  0
 0  0      0 8563640 546956 6755768    0    0     0     3  761  690 20  1 78  0  2  0
 1  0      0 8581164 546956 6755796    0    0     0    38  835  799 22  1 76  0  1  0
 1  0      0 8583324 546956 6755796    0    0     0     0  663  582 19  0 79  0  1  0
 1  0      0 8585788 546956 6755796    0    0     0     0  625  522 20  1 78  0  1  0
 1  0      0 8579868 546956 6755812    0    0     0     5  859  791 21  1 77  0  1  0
 1  0      0 8577820 546956 6755880    0    0     0    25  814  755 22  1 76  0  1  0
 1  0      0 8573920 546956 6755896    0    0     0     4  777  672 20  1 77  0  2  0
 1  0      0 8568100 546956 6755896    0    0     0     6  657  563 20  0 79  0  1  0
 1  0      0 8565108 546956 6755920    0    0     0    27  790  698 21  1 77  0  1  0
 0  0      0 8565108 546956 6755920    0    0     0     0  674  579 19  0 79  0  1  0
 1  0      0 8550132 546956 6755932    0    0     0     2  793  686 22  1 76  0  1  0
 1  0      0 8549880 546956 6755932    0    0     0    16  623  489 21  0 78  0  1  0
 1  0      0 8559192 546956 6755932    0    0     0     4  621  488 21  0 77  0  1  0
 0  0      0 8565700 546956 6755932    0    0     0     1  627  502 22  0 77  0  1  0
 1  0      0 8565448 546956 6755936    0    0     0     4  617  479 22  0 77  0  1  0
 1  0      0 8565448 546956 6755936    0    0     0     1  598  451 21  0 77  0  1  0
 1  0      0 8567392 546956 6755936    0    0     0     0  608  465 22  0 77  0  1  0
 1  0      0 8567392 546956 6755936    0    0     0     0  594  441 22  0 77  0  1  0
 1  0      0 8567140 546956 6755936    0    0     0     1  599  449 22  0 77  0  1  0
 1  0      0 8593728 546956 6755936    0    0     0     1  638  501 23  1 76  0  1  0
 1  0      0 8593476 546956 6755936    0    0     0     0  602  452 22  0 77  0  1  0
 1  0      0 8593476 546956 6755936    0    0     0     1  580  426 22  0 77  0  1  0
 1  0      0 8599024 546956 6755936    0    0     0     0  602  448 22  0 77  0  1  0
 1  0      0 8598772 546956 6755936    0    0     0     0  588  424 22  0 77  0  1  0
 1  0      0 8597764 546956 6755936    0    0     0     0  585  423 23  0 76  0  1  0
 1  0      0 8597764 546956 6755936    0    0     0     1  603  461 22  0 77  0  1  0
 1  0      0 8597512 546956 6755936    0    0     0     0  583  415 22  0 77  0  1  0
 0  0      0 8619696 546956 6755940    0    0     0     2  529  458 16  0 83  0  1  0
 1  0      0 8591808 546956 6756444    0    0     0    35  359  282  6  1 93  0  0  0
 2  0      0 8512808 546984 6759116    0    0     0    28  494  249 25  1 74  0  0  0
 1  0      0 8508596 547020 6763008    0    0     0     0  480  229 25  0 74  0  1  0
 1  0      0 8500920 547068 6768236    0    0     0     4  494  256 25  0 74  0  1  0
 1  0      0 8496536 547092 6773484    0    0     2   247  472  218 25  0 74  0  1  0
 1  0      0 8493596 547092 6776020    0    0     0   352  463  211 25  0 74  0  1  0
 1  0      0 8491832 547092 6776036    0    0     0   470  545  317 25  1 74  0  1  0
 1  0      0 8480744 547092 6776040    0    0     0   519  581  354 25  1 74  0  0  0
 1  0      0 8480744 547092 6776240    0    0     0   346  479  231 25  0 74  0  1  0
 1  0      0 8479800 547092 6776388    0    0     0     1  501  268 25  0 74  0  1  0
 0  0      0 8598492 547116 6771436    0    0     0   134  503  470  7  1 92  0  0  0
 0  0      0 8589372 547116 6771472    0    0     0    14  288  293  1  0 98  0  0  0
 0  0      0 8585500 547116 6771480    0    0     0    12  326  304  1  0 99  0  0  0
 0  0      0 8587956 547116 6771520    0    0     0   131  444  444  1  0 98  0  0  0
 0  0      0 8891756 547116 6467024    0    0     0     5 1451 2153  1  2 93  3  0  0
 0  0      0 8895912 547116 6467028    0    0     0     2  302  268  1  0 99  0  0  0
 0  0      0 8890368 547116 6467028    0    0     0     7  410  349  1  0 99  0  0  0
 0  0      0 8868648 547116 6467096    0    0     0   207  357  310  1  0 98  0  0  0
 0  0      0 8887148 547116 6467096    0    0     0     0  163  161  1  0 99  0  0  0
 0  0      0 8887072 547116 6467096    0    0     0     0  134  118  0  0 99  0  0  0
 0  0      0 8883464 547116 6467096    0    0     0    15  189  160  0  0 99  0  0  0
 0  0      0 8888436 547116 6467164    0    0     0    43  479  495  2  1 96  0  1  0
20  0      0 8505880 547116 6452676    0    0     0   878 1326 1634 57  6 34  1  1  0
20  0      0 8389832 547376 6604344    0    0     0   478 11376 24231 90  9  0  0  1  0
24  0      0 8264416 547376 6609100    0    0     0   166 13983 30612 91  8  0  0  1  0
24  0      0 8241080 547760 6618448    0    0     0  3399 13381 28672 90  8  0  0  1  0
30  0      0 8186004 547848 6623252    0    0     0  1063 12644 25689 90  9  0  0  2  0
25  0      0 8190488 547996 6627808    0    0     0 16232 13666 26886 90  8  0  0  2  0
23  0      0 8181520 548000 6633532    0    0     0   316 14420 29434 92  7  0  0  1  0
27  0      0 8184104 548000 6638248    0    0     0   869 13513 27048 91  8  0  0  1  0
21  0      0 8150444 548036 6641836    0    0     0   365 14717 30878 92  7  0  0  1  0
25  0      0 8149636 548252 6645520    0    0     0   630 14596 30884 91  8  0  0  1  0
20  0      0 8111164 548448 6649592    0    0     0   701 13936 28085 91  8  0  0  1  0
21  0      0 8210576 549044 6642148    0    0     0   400 13674 27407 90  9  0  0  1  0
22  0      0 8149584 549868 6656444    0    0     0   315 15085 31330 90  8  0  0  1  0
31  0      0 8138736 549888 6648452    0    0     0   752 11907 23131 91  7  0  0  2  0
25  1      0 8100468 549936 6651608    0    0     0   771 12734 25370 92  8  0  0  1  0
22  0      0 8107780 549956 6660212    0    0     0   186 11660 23287 90  8  0  0  1  0
25  0      0 8106936 550052 6666536    0    0     0   324 12315 25098 91  7  0  0  1  0
24  0      0 8082356 550056 6669804    0    0     0  2736 12159 24668 91  8  0  0  1  0
18  0      0 8046552 550092 6673356    0    0     0   196 11097 22051 92  7  0  0  2  0
14  0      0 8033304 550132 6677024    0    0     0   203 10777 21252 91  7  0  0  1  0
19  0      0 8237384 550152 6638508    0    0     0   746 9517 18576 91  7  0  0  2  0
18  0      0 8188380 550156 6637004    0    0     0   276 9272 18327 91  8  0  0  2  0
19  0      0 8163080 550184 6642392    0    0     0   108 9068 17889 92  6  0  0  1  0
10  0      0 8223864 550200 6643960    0    0     0   509 6915 13923 93  5  0  0  1  0
 7  0      0 8407648 550240 6635384    0    0     0  1449 7381 14391 94  4  0  0  2  0
11  0      0 8263888 550308 6642540    0    0     0    86 7712 14828 93  5  1  0  2  0
12  0      0 8203176 550348 6666296    0    0     0   502 6028 11018 94  4  0  0  2  0
 8  0      0 8411960 550392 6648144    0    0     0    26 6574 12082 93  5  1  0  1  0
 4  1      0 8416284 550416 6648796    0    0    47  1416 5589 9921 87  4  7  1  2  0
 2  0      0 8219044 550460 6666660    0    0  1187  1076 6614 11927 77  4 11  6  2  0
 4  0      0 8249156 551880 6668716    0    0     0    51 5607 9870 68  5 24  0  2  0
 5  0      0 8220752 553232 6684992    0    0     5   162 4795 8219 77  5 14  0  3  0
 1  0      0 8064328 556256 6703352    0    0     0  1321 4920 7980 54  6 37  0  3  0
 7  0      0 8031820 556296 6703524    0    0     0   300 6269 10256 44  5 48  0  4  0
 7  0      0 8004120 556344 6703840    0    0     0   161 4433 7426 81  2 14  0  3  0
 2  0      0 8018864 556616 6704392    0    0     0  3641 5396 9482 74  4 19  0  3  0
 4  0      0 7982680 556724 6703676    0    0     0   180 4144 6677 70  4 22  0  3  0
 2  0      0 8001528 556732 6703936    0    0     0     8 2842 3963 64  4 29  0  3  0
 0  0      0 8012780 556876 6707560    0    0     0   405 3969 6144 49  6 42  0  3  0
 3  0      0 8001120 556876 6707816    0    0     0   100 5477 8999 27  7 64  0  3  0
 2  0      0 7979068 557020 6708580    0    0     0   151 4441 7053 21  6 71  0  3  0
 3  0      0 7975480 557028 6708876    0    0     0   508 5064 8033 19  6 72  0  3  0
 1  0      0 7975084 557028 6709252    0    0     0    28 5232 8429 19  5 74  0  2  0
 5  0      0 7511908 557028 6709320    0    0     0    26 2448 3198 51  4 42  0  3  0
 3  0      0 7496680 557028 6709396    0    0     0   121 2689 3383 56  5 37  0  2  0
 2  0      0 7477112 557060 6709804    0    0     0    26 2855 3642 54  5 38  0  2  0
 3  0      0 7456156 557316 6716764    0    0     0    35 3204 4430 52  8 37  0  3  0
 2  0      0 7408824 557736 6731144    0    0     0  1032 3302 4531 43 14 39  0  4  0
 2  0      0 7161720 557780 6732016    0    0     0    40 2852 3778 54  5 40  0  1  0
 3  0      0 6915808 557808 6734236    0    0     0   247 2913 3931 53  7 38  0  2  0
 3  0      0 7235876 557816 6734268    0    0     0  1306 2852 3697 55  4 40  0  2  0
 2  0      0 7268184 557856 6734316    0    0     0    78 2736 3457 54  4 41  0  2  0
 2  0      0 7231696 557856 6735308    0    0     0   206 3031 3889 62  7 28  0  3  0
 4  0      0 7277032 557856 6735292    0    0     0     7 2934 3868 55  4 38  0  2  0
 2  0      0 7222472 558184 6740708    0    0     0    71 3570 5152 53  8 37  0  2  0
 3  0      0 7168056 558224 6751048    0    0     0   176 2958 3895 53  5 39  0  3  0
 2  0      0 7208092 562380 6757016    0    0     0   115 3029 4102 54  5 39  0  2  0
 6  0      0 7201412 562436 6757696    0    0     0   972 2661 3628 54  4 40  0  1  0
 0  0      0 7172900 563040 6769532    0    0     0  1308 3268 4580 50  4 44  0  2  0
 2  0      0 7155052 564740 6785788    0    0     0   365 3112 4202 47  5 46  0  1  0
 2  0      0 7178156 564860 6785132    0    0     0   489 3005 3869 52  4 43  0  2  0
 2  0      0 7179048 564860 6785156    0    0     0   938 2995 3846 52  4 42  0  2  0
 3  0      0 7168804 565060 6787852    0    0     0   452 3489 4797 48  8 42  0  2  0
 0  0      0 7167572 565220 6790492    0    0     0  1282 2890 4086 13  4 82  0  1  0
 3  0      0 7118436 567088 6799720    0    0     1    63 3710 5199 39 16 42  0  3  0
 2  0      0 7086284 567960 6803884    0    0     3   175 3521 5121 33  9 55  0  2  0
 2  0      0 7129944 568128 6807140    0    0     0   926 2647 3524 51  5 43  0  1  0
 2  0      0 7134968 568180 6817796    0    0     0   486 2849 3623 52  4 42  0  2  0
 2  0      0 7122124 568208 6827044    0    0     0   457 2276 2774 53  2 42  0  2  0
 3  0      0 7108124 568236 6839480    0    0     0   577 2561 3290 55  3 41  0  1  0
 2  0      0 7089636 568256 6846776    0    0     0   891 2926 4096 57  4 37  0  2  0
 2  0      0 7084472 568416 6849792    0    0     0  1118 2935 3818 50  9 39  0  2  0
 5  0      0 7068840 568516 6866416    0    0     0  1407 2838 3670 56  4 39  0  1  0
 2  0      0 7169636 568612 6750824    0    0     0   865 4662 7101 47  6 40  6  2  0
 7  0      0 8341232 568804 6746632    0    0     0   228 3416 4971 52 11 35  0  2  0
12  0      0 8029868 569732 6761156    0    0    26  1039 6435 11724 59 10 30  0  2  0
 2  0      0 7621500 569760 6786348    0    0     0  2184 9932 19503 37 11 48  0  4  0
10  0      0 7623800 570112 6775096    0    0     0    27 11011 19330 28  8 61  0  3  0
 0  0      0 7566564 570112 6783080    0    0     0   126 10846 19041 29  9 58  0  4  0
 0  0      0 7609644 570140 6775904    0    0     0  2299 10689 18913 30  9 56  0  4  0
 2  0      0 7601112 570184 6776036    0    0     0   122 10376 18341 27  9 60  0  3  0
 0  0      0 7572076 570236 6783076    0    0     0    92 11976 21617 31  8 58  0  2  0
 0  0      0 7606988 570248 6771264    0    0     0   935 8991 15088 20  6 71  0  3  0
 1  0      0 7599980 570248 6776400    0    0     0   208 8621 14223 21  6 69  0  5  0
 2  0      0 7593704 570248 6777496    0    0     0    40 9128 15278 23  6 67  0  3  0
 3  0      0 7286536 570252 6775020    0    0     0   605 8885 16037 39  7 51  0  3  0
 1  0      0 7289128 570272 6775196    0    0     0   598 8971 16118 23  6 68  0  2  0
 0  0      0 7347848 570272 6775300    0    0     0   146 8281 13660 16  5 77  0  2  0
 0  0      0 7347988 570272 6775096    0    0     0   322 7760 12705 15  5 78  0  3  0
 0  0      0 7346808 570272 6775240    0    0     0  1004 7608 12383 14  5 77  0  3  0
 1  0      0 7304316 570272 6773604    0    0     0   175 7659 12534 14  6 77  0  3  0
 2  0      0 7341764 570272 6773892    0    0     0   105 7720 12660 15  5 78  0  3  0
 1  0      0 7347276 570272 6773656    0    0     0   652 7672 12524 13  5 79  0  3  0
 1  0      0 7354584 570272 6773928    0    0     0   317 7867 12931 14  5 79  0  2  0
 0  0      0 7354388 570272 6773900    0    0     0   222 6411 10499 15  5 78  0  2  0
 3  0      0 7357992 570272 6773324    0    0     0   402 5485 8794 15  4 79  0  2  0
 2  0      0 7347396 570272 6775692    0    0     0   489 7840 12584 26  5 67  0  3  0
 5  0      0 7336640 570284 6775712    0    0     0   302 7907 12765 25  6 67  0  3  0
 3  0      0 7349584 570356 6775108    0    0     0   178 8124 13182 26  6 66  0  2  0
 2  0      0 7349332 570376 6775192    0    0     0   442 7600 12199 27  6 62  0  5  0
 2  0      0 7349332 570424 6775392    0    0     0   732 7539 12158 28  6 62  0  4  0
 0  0      0 7350736 570460 6776100    0    0     0   155 8021 13083 27  6 63  0  3  0
 0  0      0 7369440 570480 6776732    0    0     0   486 7587 12322 22  5 70  0  2  0
 3  0      0 7361408 570528 6775532    0    0     0   626 7081 11425 22  6 70  0  3  0
 2  0      0 7333404 570564 6774212    0    0     0   106 6259 10196 34  7 53  0  6  0
 1  0      0 7355256 570564 6755164    0    0     0   372 6265 10573 46  6 44  1  4  0
 3  0      0 7401312 570564 6697004    0    0     0   530 7421 12274 41  7 46  3  4  0
 6  0      0 7462900 570564 6650704    0    0     0   262 7171 12042 42  6 47  2  3  0
 0  1      0 7568188 570564 6550048    0    0     0   121 8168 13490 37  8 47  5  3  0
 5  0      0 7593308 570564 6535512    0    0     0  1654 5949 10238 46  7 42  1  5  0
 2  0      0 7429048 570564 6534356    0    0     0   253 6943 11710 40  7 50  0  3  0
 1  0      0 7420796 570564 6534532    0    0     0    49 6400 11225 50  6 42  0  3  0
 0  0      0 7596828 570564 6537620    0    0     0  1029 7229 12834 39  7 50  0  5  0
 1  0      0 7411424 570564 6534836    0    0     0   185 7008 12246 39  6 51  0  3  0
 0  0      0 7592012 570564 6534772    0    0     0   107 7485 12944 31  6 61  0  2  0
 0  0      0 7596400 570564 6535252    0    0     0  1062 7671 13106 28  7 62  0  3  0
 5  0      0 7410112 570564 6535244    0    0     0   160 6932 11856 39  6 52  0  3  0
 4  0      0 7407148 570564 6535252    0    0     0    56 6815 11458 38  5 54  0  2  0
 2  0      0 7591144 570564 6535156    0    0     0   154 7731 13114 28  6 61  0  4  0
 2  0      0 7589540 570564 6535196    0    0     0  1016 7504 12588 19  6 71  0  4  0
 1  0      0 7581792 570564 6540132    0    0     0   125 7202 11731 15  6 77  0  3  0
 0  0      0 7593176 570652 6539552    0    0     0    50 7049 11438 14  6 76  0  3  0
 2  0      0 7583680 570652 6540220    0    0     0  1105 7386 12224 19  6 69  0  5  0
 0  0      0 7587692 570652 6540232    0    0     0   582 7219 11817 15  5 76  0  4  0
 0  0      0 7585616 570652 6540364    0    0     0    58 7009 11391 13  6 78  0  4  0
 0  0      0 7568840 570652 6540888    0    0     0   812 7208 11642 12  5 80  0  2  0
 3  0      0 7549364 570652 6540016    0    0     0   563 7129 11703 19  6 72  0  3  0
 2  0      0 7552432 570652 6540100    0    0     0   429 6845 11301 34  6 58  0  3  0
 0  0      0 7587916 570652 6540224    0    0     0   793 7061 11586 19  4 74  0  2  0
 0  0      0 7590844 570652 6539724    0    0     0   399 7260 11871 13  5 80  0  2  0
 0  0      0 7594724 570652 6539728    0    0     0   544 7164 11648 11  5 82  0  2  0
 0  0      0 7594324 570652 6535824    0    0     0   606 6578 10651  9  4 84  0  3  0
 0  0      0 7638604 570652 6524740    0    0     0   342 5113 8340 13  4 82  0  1  0
 0  0      0 7613584 570652 6536628    0    0     0    11 5185 8377 15  4 79  0  1  0
 1  0      0 7565228 570656 6539968    0    0     0   160 6857 10857 22  5 71  0  2  0
 1  0      0 7567052 570656 6536576    0    0     0   153 6747 10763 21  5 72  0  2  0
 1  0      0 7594024 570656 6537628    0    0     0  1198 6609 10495 22  5 70  0  3  0
 2  0      0 7594444 570656 6536776    0    0     0   300 6742 10679 21  5 71  0  3  0
 2  0      0 7581364 570656 6536880    0    0     0    51 6809 10854 22  5 70  0  3  0
 1  0      0 8025520 570656 6536948    0    0     0   478 6697 10556 22  5 71  0  2  0
 1  0      0 8013608 570656 6540884    0    0     0   559 6754 10732 23  5 70  0  3  0
 0  0      0 7978936 570656 6540916    0    0     0   502 6532 10290 23  6 69  0  3  0
 0  0      0 7937592 570656 6541088    0    0     0   169 6863 10941 22  5 71  0  2  0
 0  0      0 7888420 570656 6541272    0    0     0   739 6794 10854 23  5 70  0  2  0
 0  0      0 7894488 570656 6540760    0    0     0   385 6788 10828 21  5 73  0  1  0
 2  0      0 7874404 570656 6540816    0    0     0   226 6768 10761 22  5 72  0  1  0
 1  0      0 7885508 570656 6540752    0    0     0   763 6755 10763 22  6 70  0  2  0
 1  0      0 7905396 570656 6540672    0    0     0   327 6596 10534 23  5 70  0  2  0
 2  0      0 7904976 570656 6539952    0    0     0   448 6707 10662 22  6 70  0  3  0
 1  0      0 7902972 570656 6540012    0    0     0   816 7102 11668 20  5 73  0  2  0
 0  0      0 8009748 570656 6537964    0    0     0   308 3890 6128 11  3 83  0  2  0
 2  0      0 8008908 570656 6538604    0    0     0   380 2704 4094  9  2 88  0  1  0
 0  0      0 8008660 570656 6538476    0    0     0   374 2760 4191  9  2 87  0  1  0
 1  0      0 8008660 570656 6538476    0    0     0   464 2640 4038  9  2 87  0  1  0
 0  0      0 8008412 570656 6537196    0    0     0   264 2722 4149  9  3 88  0  1  0
 0  0      0 8008412 570656 6537196    0    0     0   614 2578 3925  8  2 89  0  1  0
 0  0      0 8009316 570656 6535916    0    0     0   256 2712 4131  8  2 89  0  1  0
 0  0      0 8003904 570656 6536044    0    0     0   311 2797 4291  9  2 87  0  1  0
 0  0      0 8034144 570656 6535276    0    0     0   504 2665 4032 10  2 86  0  1  0
 0  0      0 8034856 570656 6536172    0    0     0   311 2684 4072  9  2 87  0  1  0
 0  0      0 8036220 570656 6535884    0    0     0   122 2616 3965  9  2 88  0  1  0
 1  0      0 8036116 570656 6535596    0    0     0   342 2769 4233  8  2 88  0  1  0
 0  0      0 8849576 570656 6506740    0    0     0   313 2614 4079  9  3 88  0  1  0
 0  0      0 8848164 570656 6506748    0    0     0     4  274  292  2  0 98  0  0  0
 0  0      0 8854508 570656 6506748    0    0     0     0  343  350  1  0 98  0  0  0
 1  0      0 8829544 570664 6507740    0    0     0   172 6143 10732 39  3 58  0  1  0
 2  0      0 8777276 570664 6508492    0    0     0    17 5607 9409 39  4 55  0  3  0
 2  0      0 8766540 570664 6509052    0    0     0     3 6057 10101 54  4 40  0  2  0
 1  0      0 8757216 570664 6509340    0    0     0   150 4983 7804 41  4 53  0  2  0
 3  0      0 8716980 570664 6509652    0    0     0   257 4668 7213 52  3 43  0  2  0
 1  0      0 8815564 570664 6510028    0    0     0    57 5198 8625 25  3 71  0  1  0
 3  0      0 8808032 570664 6510264    0    0     0   173 4622 7468 23  3 72  0  2  0
 1  0      0 8811632 570664 6510528    0    0     0    40 4242 6752 29  2 66  0  2  0
 0  0      0 8816248 570664 6507644    0    0     0    45 4870 8285 23  2 74  0  1  0
 0  0      0 8836140 570664 6507644    0    0     0    71 1116 1540  7  1 93  0  0  0
 0  0      0 8836140 570664 6507644    0    0     0     2 1031 1363  9  0 90  0  1  0
 2  0      0 8784796 570676 6507932    0    0     0   137 1030 1172 19  1 79  0  1  0
 4  0      0 8709496 570816 6510136    0    0     0   144 5921 10167 39  4 56  0  1  0
 2  0      0 8681408 571412 6514768    0    0     0    15 5054 8319 49  3 46  0  1  0
 3  0      0 8690372 571468 6516052    0    0     0   176 5165 8286 48  5 45  0  2  0
 2  0      0 8713752 571468 6516624    0    0     0   340 5123 8166 48  5 46  0  2  0
 2  0      0 8704964 571468 6519440    0    0     0   396 4511 7064 47  4 48  0  2  0
 2  0      0 8705224 571468 6519696    0    0     0   164 4302 6581 45  4 49  0  2  0
 2  0      0 8631980 571476 6522584    0    0     0   268 4103 6141 46  5 46  0  2  0
 2  0      0 8647332 571792 6523584    0    0     0   118 3966 5923 44  5 49  0  2  0
 2  0      0 8641492 571948 6523908    0    0     0   274 4327 6587 44  5 49  0  3  0
 4  0      0 8554392 571948 6540636    0    0     0   216 7100 12222 56  6 37  0  2  0
 1  0      0 8554112 571964 6541476    0    0     0   660 5726 9675 35  4 59  0  2  0
 3  0      0 8529696 571964 6541980    0    0     0   115 5835 9656 62  3 33  0  2  0
 3  0      0 8515076 571968 6540160    0    0     0  1548 5422 8948 63  3 33  0  2  0
 2  0      0 8483564 571984 6541128    0    0     0   309 3652 5272 62  4 32  0  2  0
 3  0      0 8489384 571988 6541412    0    0     0    45 3691 5336 62  3 32  0  2  0
 1  0      0 8508944 572008 6542836    0    0     0    54 4092 6273 57  3 39  0  2  0
 1  0      0 8500628 572008 6543148    0    0     0   194 4732 7737 26  3 68  0  2  0
 1  0      0 8494860 572040 6543404    0    0     0    82 3932 6223 24  4 69  0  2  0
 3  0      0 8489748 572040 6541664    0    0     0   178 6193 10506 36  4 58  0  2  0
 3  0      0 8487776 572040 6542248    0    0     0   139 5306 8833 40  4 54  0  2  0
 1  0      0 8269544 572040 6542548    0    0     0    12 4004 6216 53  3 41  0  3  0
 2  0      0 8253836 572040 6542728    0    0     0    43 3454 5060 41  2 55  0  2  0
 1  0      0 8240396 572040 6543044    0    0     0   158 3379 4920 45  3 49  0  3  0
 2  0      0 8216192 572112 6546524    0    0     0    50 3807 5676 42  5 50  0  2  0
 3  0      0 8177932 572188 6551372    0    0     0    48 3605 5295 48  6 44  0  2  0
 2  0      0 8071920 572188 6552796    0    0     0   587 3292 4678 52  2 44  0  2  0
 3  0      0 8120284 572188 6551368    0    0     0   110 4643 7575 62  3 32  0  4  0
 3  0      0 8129660 572188 6551828    0    0     0   558 3936 6112 70  1 28  0  1  0
 3  0      0 8129348 572188 6552604    0    0     0   213 3965 6138 70  2 27  0  1  0
 4  0      0 8136776 572188 6553208    0    0     0   126 7075 12037 70  4 24  0  2  0
 3  0      0 8110676 572236 6556060    0    0     0    54 8441 15141 74  4 20  0  2  0
 3  0      0 8075824 572276 6562828    0    0     0   275 7493 13195 72  3 23  0  2  0
 1  0      0 8094728 572432 6566384    0    0     0   100 6392 10841 64  3 31  0  2  0
 2  0      0 8074132 572468 6567260    0    0     3   154 5673 9289 63  3 32  0  2  0
 1  0      0 8080744 572480 6571464    0    0     0  1254 5096 8225 52  4 42  0  2  0
 2  0      0 8085792 572512 6578456    0    0     0   229 4299 6780 48  3 48  0  1  0
 7  0      0 8084316 572512 6577028    0    0     0    52 4249 6591 52  3 44  0  1  0
 1  0      0 8085580 572516 6575124    0    0     0   847 3543 5478 46  2 51  0  1  0
 4  0      0 8013308 572516 6577356    0    0     0   727 2268 2849 61  4 33  0  2  0
 1  0      0 8035436 572932 6579496    0    0     0    28 2329 2931 58  5 35  0  1  0
 1  0      0 8032616 573532 6583184    0    0     0   511 2274 2792 37  7 55  0  2  0
 2  0      0 8032296 573628 6584104    0    0     0   220 2447 3124 53  4 42  0  1  0
 2  0      0 8069832 573628 6589048    0    0     0   166 2452 3182 61  2 35  0  1  0
 2  0      0 8040772 573644 6594604    0    0     2   509 2212 2909 52  2 46  0  1  0
 1  0      0 8041580 573644 6600060    0    0     0    76 2995 4392 39  2 58  0  1  0
 2  0      0 8033564 573644 6604104    0    0     0   507 2118 2578 48  2 49  0  1  0
 4  0      0 8061348 573644 6604620    0    0     0   655 2181 2782 57  4 38  0  1  0
 4  0      0 8047872 573820 6613040    0    0     0   354 6448 11406 81  2 16  0  1  0
 5  0      0 8060564 573872 6617136    0    0     0   427 3150 4617 80  2 16  0  1  0
 1  0      0 8714684 573872 6617040    0    0     0   278 3955 6017 59  3 37  0  1  0
 3  0      0 8703092 573872 6617612    0    0     0   566 1776 1766 48  2 48  0  1  0
 4  0      0 8690800 573872 6617624    0    0     0   878 1816 1788 53  3 43  0  1  0
 1  0      0 8691376 573872 6617100    0    0     0    26 2445 3026 44  4 51  0  2  0
 4  0      0 8690872 573872 6617256    0    0     0   105 1904 1961 48  2 48  0  2  0
 2  0      0 8706360 573872 6617168    0    0     0     5 1982 2137 47  2 48  0  2  0
 2  0      0 8692868 573872 6617412    0    0     0    15 2733 3623 65  2 31  0  2  0
 2  0      0 8693748 573872 6617556    0    0     0    58 3004 4173 61  2 36  0  2  0
 3  0      0 8687956 573872 6617672    0    0     0    12 2434 2973 61  3 34  0  2  0
 2  0      0 8703588 573872 6617728    0    0     0    13 1473 1169 51  3 45  0  1  0
 2  0      0 8705128 573872 6618016    0    0     0    58 2922 4154 41  3 55  0  1  0
 4  0      0 8702452 573872 6618076    0    0     0    12 2880 4334 34  2 63  0  1  0
 1  0      0 8695620 573872 6618188    0    0     0    10 2443 3560 32  2 65  0  1  0
 2  0      0 8699988 573872 6618340    0    0     0    64 2495 3650 34  2 63  0  1  0
 1  0      0 8695452 573872 6618604    0    0     0     6 2579 3901 38  2 60  0  1  0
 2  0      0 8695452 573872 6619016    0    0     0    23 3037 4843 38  1 60  0  1  0
 2  0      0 8715580 573872 6618536    0    0     0    86 2833 4170 50  2 47  0  1  0
 3  0      0 8698136 573872 6618844    0    0     0    10 4382 7240 45  2 52  0  1  0
 2  0      0 8729960 573872 6618644    0    0     0    13 3593 5520 28  3 68  0  2  0
 4  0      0 8704448 573872 6618904    0    0     0   102 3223 4763 24  3 71  0  2  0
 2  0      0 8699828 573872 6619008    0    0     0     7 2408 3289 39  2 58  0  1  0
 1  0      0 8713612 573872 6618568    0    0     0    14 1746 2175 31  1 67  0  1  0
 1  0      0 8713612 573872 6618568    0    0     0    70 1431 1607 29  1 69  0  1  0
 1  0      0 8713612 573872 6618568    0    0     0     6 1437 1645 29  1 70  0  1  0
 2  0      0 8713612 573872 6618568    0    0     0     2 1442 1624 29  1 69  0  1  0
 2  0      0 8713612 573872 6618568    0    0     0     3 1431 1596 30  1 68  0  1  0
 1  0      0 8728140 573872 6618580    0    0     0     1  597  384 26  0 73  0  1  0
 1  0      0 8707728 573872 6618584    0    0     0     2  497  226 26  0 73  0  1  0
 1  0      0 8725432 573872 6618564    0    0     0     4  551  339 27  1 72  0  0  0
 1  0      0 8729544 573872 6618564    0    0     0    16  502  214 25  0 74  0  0  0
 1  0      0 8705008 573872 6618592    0    0     0    16  594  347 26  1 72  0  1  0
 1  0      0 8716292 573872 6618596    0    0     0     2  412  154 25  0 74  0  1  0
 1  0      0 8706808 573872 6618600    0    0     0    18  534  308 26  1 73  0  1  0
 1  0      0 8715540 573872 6618600    0    0     0     2  541  363 26  0 74  0  1  0
 1  0      0 8743428 573872 6618616    0    0     0     2  895  882 23  3 73  0  1  0
 0  0      0 8724776 574004 6623624    0    0    13    31  707  548 21  2 76  0  1  0
 0  0      0 8731932 574004 6623640    0    0     0     4  285  277  1  0 98  0  0  0
 0  0      0 8717136 574004 6623660    0    0     0     8  317  324  2  0 97  0  1  0
 0  0      0 8726572 574004 6623660    0    0     0   886  283  246  1  0 99  0  0  0
 0  0      0 8723756 574004 6623692    0    0     0     6  600  585  2  1 97  0  0  0
 0  0      0 8734540 574004 6623704    0    0     0     6  399  420  2  0 97  0  0  0
 0  0      0 8735468 574004 6623744    0    0     0     4  344  378  2  0 98  0  0  0
 0  0      0 8714392 574004 6623776    0    0     0    28  362  344  2  1 97  0  1  0
 0  0      0 8715460 574004 6622720    0    0     0    17  454  417  3  1 96  0  0  0
