 17:09:55 up 11:18,  0 user,  load average: 0.82, 1.87, 3.13
12 x busy.sh 150s; orig and fixed-v2 probes in parallel, settrace, 3 reps each, timeout 145s
 17:12:25 up 11:21,  0 user,  load average: 12.38, 6.73, 4.80
##### ORIGINAL
rep 0 PASS elapsed_ms 31937 polls {'resp': 284, 'init': 274} bounded waits role:[n,max_ms,n>100ms,n_false] {'resp': [255, 1350, 66, 1], 'init': [256, 1706, 69, 1]}
   ticker: n 999 top gaps (gap_ms, at_ms_since_set): [(1001, 28), (734, 1106), (570, 1918), (499, 2532), (341, 11109), (317, 10750), (302, 10416), (276, 18010), (257, 3078), (253, 29195), (251, 23803), (227, 29476)]
   slowstep ('UARTLink.transmit', 113, 'ms at', 170, 'chunk', 1)
   slowstep ('UARTLink._advance', 830, 'ms at', 1016, 'chunk', 1)
   slowstep ('UART._rx_level', 856, 'ms at', 1029, 'chunk', 1)
   slowstep ('UARTLink.transmit', 51, 'ms at', 1158, 'chunk', 1)
   slowstep ('UARTLink._advance', 653, 'ms at', 1825, 'chunk', 1)
   slowstep ('UART._rx_level', 654, 'ms at', 1826, 'chunk', 1)
   slowstep ('UARTLink.transmit', 35, 'ms at', 1964, 'chunk', 2)
   slowstep ('UARTLink._advance', 512, 'ms at', 2487, 'chunk', 2)
   slowstep ('UART._rx_level', 513, 'ms at', 2488, 'chunk', 2)
   slowstep ('UARTLink._advance', 426, 'ms at', 3012, 'chunk', 2)
   slowstep ('UART._rx_level', 443, 'ms at', 3029, 'chunk', 2)
   slowstep ('UARTLink.transmit', 31, 'ms at', 3112, 'chunk', 3)
   slowstep ('UARTLink._advance', 210, 'ms at', 3335, 'chunk', 3)
   slowstep ('UART._rx_level', 211, 'ms at', 3335, 'chunk', 3)
   slowstep ('UARTLink._advance', 34, 'ms at', 3460, 'chunk', 4)
   slowstep ('UART._rx_level', 34, 'ms at', 3460, 'chunk', 4)
   slowstep ('UART._rx_level', 38, 'ms at', 3610, 'chunk', 5)
   slowstep ('UART._rx_level', 30, 'ms at', 3657, 'chunk', 6)
   slowstep ('UARTLink._advance', 36, 'ms at', 3897, 'chunk', 9)
   slowstep ('UART._rx_level', 45, 'ms at', 3897, 'chunk', 9)
   slowstep ('UARTLink._advance', 44, 'ms at', 4031, 'chunk', 10)
   slowstep ('UART._rx_level', 58, 'ms at', 4031, 'chunk', 10)
   slowstep ('UARTLink._advance', 62, 'ms at', 4228, 'chunk', 11)
   slowstep ('UART._rx_level', 62, 'ms at', 4228, 'chunk', 11)
   slowstep ('UARTLink._advance', 35, 'ms at', 4403, 'chunk', 12)
   slowstep ('UART._rx_level', 48, 'ms at', 4416, 'chunk', 12)
   slowstep ('UARTLink._advance', 42, 'ms at', 4506, 'chunk', 12)
   slowstep ('UART._rx_level', 42, 'ms at', 4506, 'chunk', 12)
   slowstep ('UART._rx_level', 42, 'ms at', 4582, 'chunk', 13)
   slowstep ('UARTLink._advance', 39, 'ms at', 4669, 'chunk', 13)
   slowstep ('UART._rx_level', 61, 'ms at', 4669, 'chunk', 13)
   slowstep ('UART._rx_level', 42, 'ms at', 4728, 'chunk', 14)
   slowstep ('UARTLink._advance', 38, 'ms at', 4799, 'chunk', 14)
   slowstep ('UART._rx_level', 38, 'ms at', 4799, 'chunk', 14)
   slowstep ('UART._rx_level', 43, 'ms at', 4897, 'chunk', 15)
   slowstep ('UARTLink._advance', 32, 'ms at', 5009, 'chunk', 16)
   slowstep ('UART._rx_level', 32, 'ms at', 5010, 'chunk', 16)
   slowstep ('UARTLink._advance', 41, 'ms at', 5155, 'chunk', 17)
   slowstep ('UART._rx_level', 41, 'ms at', 5155, 'chunk', 17)
   slowstep ('UARTLink._advance', 31, 'ms at', 5383, 'chunk', 19)
   slowstep ('UART._rx_level', 51, 'ms at', 5403, 'chunk', 19)
   slowstep ('UARTLink._advance', 30, 'ms at', 5476, 'chunk', 19)
   slowstep ('UART._rx_level', 30, 'ms at', 5476, 'chunk', 19)
   slowstep ('UARTLink._advance', 33, 'ms at', 5564, 'chunk', 20)
   slowstep ('UART._rx_level', 34, 'ms at', 5564, 'chunk', 20)
   slowstep ('UARTLink._advance', 52, 'ms at', 5649, 'chunk', 20)
   slowstep ('UART._rx_level', 52, 'ms at', 5650, 'chunk', 20)
   slowstep ('UARTLink._advance', 34, 'ms at', 5718, 'chunk', 21)
   slowstep ('UART._rx_level', 63, 'ms at', 5747, 'chunk', 21)
   slowstep ('UARTLink._advance', 30, 'ms at', 5810, 'chunk', 21)
   slowstep ('UARTLink._advance', 36, 'ms at', 5847, 'chunk', 21)
   slowstep ('UART._rx_level', 66, 'ms at', 5847, 'chunk', 21)
   slowstep ('UARTLink._advance', 34, 'ms at', 5948, 'chunk', 22)
   slowstep ('UART._rx_level', 34, 'ms at', 5948, 'chunk', 22)
   slowstep ('UARTLink._advance', 51, 'ms at', 6066, 'chunk', 22)
   slowstep ('UART._rx_level', 51, 'ms at', 6066, 'chunk', 22)
   slowstep ('UARTLink._advance', 42, 'ms at', 6159, 'chunk', 23)
   slowstep ('UART._rx_level', 42, 'ms at', 6159, 'chunk', 23)
   slowstep ('UART._rx_level', 31, 'ms at', 6382, 'chunk', 25)
   slowstep ('UART._rx_level', 49, 'ms at', 6566, 'chunk', 26)
   slowstep ('UART._rx_level', 42, 'ms at', 6630, 'chunk', 27)
   slowstep ('UART._rx_level', 30, 'ms at', 6682, 'chunk', 27)
   slowstep ('UART._rx_level', 35, 'ms at', 6738, 'chunk', 28)
   slowstep ('UART._rx_level', 37, 'ms at', 6842, 'chunk', 29)
   slowstep ('UARTLink._advance', 31, 'ms at', 6894, 'chunk', 29)
   slowstep ('UART._rx_level', 32, 'ms at', 6894, 'chunk', 29)
   slowstep ('UART._rx_level', 44, 'ms at', 6959, 'chunk', 30)
   slowstep ('UARTLink._advance', 30, 'ms at', 6995, 'chunk', 30)
   slowstep ('UART._rx_level', 46, 'ms at', 7010, 'chunk', 30)
   slowstep ('UART._rx_level', 38, 'ms at', 7118, 'chunk', 31)
   slowstep ('UART._rx_level', 38, 'ms at', 7219, 'chunk', 32)
   slowstep ('UART._rx_copy', 30, 'ms at', 7250, 'chunk', 32)
   slowstep ('UARTLink._advance', 30, 'ms at', 7317, 'chunk', 33)
   slowstep ('UART._rx_level', 30, 'ms at', 7317, 'chunk', 33)
   slowstep ('UART._rx_level', 30, 'ms at', 7426, 'chunk', 34)
   slowstep ('UART._rx_level', 36, 'ms at', 7475, 'chunk', 35)
   slowstep ('UART._rx_level', 38, 'ms at', 7570, 'chunk', 36)
   slowstep ('UART._rx_level', 43, 'ms at', 7638, 'chunk', 36)
   slowstep ('UART._rx_level', 46, 'ms at', 7713, 'chunk', 37)
   slowstep ('UARTLink._advance', 36, 'ms at', 7841, 'chunk', 38)
   slowstep ('UART._rx_level', 36, 'ms at', 7841, 'chunk', 38)
   slowstep ('UART._rx_level', 39, 'ms at', 7919, 'chunk', 38)
   slowstep ('UARTLink._advance', 39, 'ms at', 7970, 'chunk', 39)
   slowstep ('UART._rx_level', 57, 'ms at', 7988, 'chunk', 39)
   slowstep ('UARTLink._advance', 39, 'ms at', 8133, 'chunk', 40)
   slowstep ('UART._rx_level', 39, 'ms at', 8133, 'chunk', 40)
   slowstep ('UART._rx_level', 47, 'ms at', 8247, 'chunk', 41)
   slowstep ('UARTLink._advance', 38, 'ms at', 8317, 'chunk', 41)
   slowstep ('UART._rx_level', 39, 'ms at', 8317, 'chunk', 41)
   slowstep ('UART._rx_level', 39, 'ms at', 8383, 'chunk', 42)
   slowstep ('UART._rx_level', 40, 'ms at', 8519, 'chunk', 43)
   slowstep ('UARTLink._advance', 32, 'ms at', 8736, 'chunk', 45)
   slowstep ('UART._rx_level', 43, 'ms at', 8736, 'chunk', 45)
   slowstep ('UART._rx_level', 46, 'ms at', 8802, 'chunk', 45)
   slowstep ('UART._rx_level', 38, 'ms at', 8863, 'chunk', 46)
   slowstep ('UARTLink._advance', 33, 'ms at', 8990, 'chunk', 47)
   slowstep ('UART._rx_level', 49, 'ms at', 8990, 'chunk', 47)
   slowstep ('UARTLink._advance', 31, 'ms at', 9194, 'chunk', 49)
   slowstep ('UART._rx_level', 34, 'ms at', 9198, 'chunk', 49)
   slowstep ('UARTLink._advance', 32, 'ms at', 9251, 'chunk', 49)
   slowstep ('UART._rx_level', 32, 'ms at', 9251, 'chunk', 49)
   slowstep ('UART._rx_level', 31, 'ms at', 9382, 'chunk', 51)
   slowstep ('UARTLink._advance', 35, 'ms at', 9538, 'chunk', 52)
   slowstep ('UART._rx_level', 35, 'ms at', 9538, 'chunk', 52)
   slowstep ('UARTLink._advance', 38, 'ms at', 9608, 'chunk', 53)
   slowstep ('UART._rx_level', 44, 'ms at', 9614, 'chunk', 53)
   slowstep ('UARTLink._advance', 31, 'ms at', 9671, 'chunk', 53)
   slowstep ('UART._rx_level', 31, 'ms at', 9671, 'chunk', 53)
   slowstep ('UARTLink._advance', 35, 'ms at', 9737, 'chunk', 54)
   slowstep ('UART._rx_level', 35, 'ms at', 9737, 'chunk', 54)
   slowstep ('UARTLink._advance', 43, 'ms at', 9817, 'chunk', 54)
   slowstep ('UART._rx_level', 43, 'ms at', 9817, 'chunk', 54)
   slowstep ('UARTLink._advance', 46, 'ms at', 9897, 'chunk', 55)
   slowstep ('UART._rx_level', 46, 'ms at', 9897, 'chunk', 55)
   slowstep ('UARTLink._advance', 32, 'ms at', 9963, 'chunk', 55)
   slowstep ('UART._rx_level', 33, 'ms at', 9963, 'chunk', 55)
   slowstep ('UART._rx_level', 33, 'ms at', 10017, 'chunk', 56)
   slowstep ('UARTLink._advance', 33, 'ms at', 10250, 'chunk', 58)
   slowstep ('UART._rx_level', 34, 'ms at', 10250, 'chunk', 58)
   slowstep ('UARTLink._advance', 45, 'ms at', 10313, 'chunk', 59)
   slowstep ('UARTLink._advance', 68, 'ms at', 10382, 'chunk', 59)
   slowstep ('UART._rx_level', 114, 'ms at', 10382, 'chunk', 59)
   slowstep ('UARTLink._advance', 271, 'ms at', 10714, 'chunk', 59)
   slowstep ('UART._rx_level', 271, 'ms at', 10715, 'chunk', 59)
   slowstep ('UARTLink._advance', 275, 'ms at', 11066, 'chunk', 60)
   slowstep ('UART._rx_level', 275, 'ms at', 11067, 'chunk', 60)
   slowstep ('UARTLink._advance', 291, 'ms at', 11427, 'chunk', 60)
   slowstep ('UART._rx_level', 291, 'ms at', 11428, 'chunk', 60)
   slowstep ('UARTLink._advance', 127, 'ms at', 11618, 'chunk', 61)
   slowstep ('UART._rx_level', 128, 'ms at', 11618, 'chunk', 61)
   slowstep ('UART._rx_level', 38, 'ms at', 11682, 'chunk', 61)
   slowstep ('UART._rx_level', 50, 'ms at', 11749, 'chunk', 62)
   slowstep ('UART._rx_level', 43, 'ms at', 11855, 'chunk', 63)
   slowstep ('UART._rx_level', 42, 'ms at', 11921, 'chunk', 63)
   slowstep ('UARTLink._advance', 45, 'ms at', 12004, 'chunk', 64)
   slowstep ('UART._rx_level', 60, 'ms at', 12004, 'chunk', 64)
   slowstep ('UARTLink._advance', 31, 'ms at', 12078, 'chunk', 64)
   slowstep ('UART._rx_level', 32, 'ms at', 12078, 'chunk', 64)
   slowstep ('UARTLink._advance', 34, 'ms at', 12267, 'chunk', 66)
   slowstep ('UART._rx_level', 50, 'ms at', 12267, 'chunk', 66)
   slowstep ('UART._rx_level', 52, 'ms at', 12321, 'chunk', 66)
   slowstep ('UART._buffered', 52, 'ms at', 12321, 'chunk', 66)
   slowstep ('UART._rx_level', 50, 'ms at', 12673, 'chunk', 70)
   slowstep ('UARTLink._advance', 33, 'ms at', 12720, 'chunk', 70)
   slowstep ('UART._rx_level', 33, 'ms at', 12720, 'chunk', 70)
   slowstep ('UARTLink._advance', 32, 'ms at', 12788, 'chunk', 71)
   slowstep ('UART._rx_level', 34, 'ms at', 12788, 'chunk', 71)
   slowstep ('UART._rx_level', 38, 'ms at', 13007, 'chunk', 72)
   slowstep ('UARTLink._advance', 33, 'ms at', 13084, 'chunk', 73)
   slowstep ('UART._rx_level', 33, 'ms at', 13084, 'chunk', 73)
   slowstep ('UARTLink._advance', 40, 'ms at', 13150, 'chunk', 73)
   slowstep ('UART._rx_level', 40, 'ms at', 13150, 'chunk', 73)
   slowstep ('UARTLink._advance', 30, 'ms at', 13270, 'chunk', 74)
   slowstep ('UART._rx_level', 31, 'ms at', 13270, 'chunk', 74)
   slowstep ('UARTLink._advance', 49, 'ms at', 13395, 'chunk', 75)
   slowstep ('UART._rx_level', 49, 'ms at', 13395, 'chunk', 75)
   slowstep ('UARTLink._advance', 53, 'ms at', 13485, 'chunk', 76)
   slowstep ('UART._rx_level', 53, 'ms at', 13485, 'chunk', 76)
   slowstep ('UARTLink._advance', 79, 'ms at', 13686, 'chunk', 78)
   slowstep ('UART._rx_level', 79, 'ms at', 13686, 'chunk', 78)
   slowstep ('UARTLink._advance', 36, 'ms at', 13822, 'chunk', 79)
   slowstep ('UART._rx_level', 39, 'ms at', 13825, 'chunk', 79)
   slowstep ('UARTLink._advance', 33, 'ms at', 13889, 'chunk', 79)
   slowstep ('UART._rx_level', 34, 'ms at', 13889, 'chunk', 79)
   slowstep ('UARTLink._advance', 34, 'ms at', 13953, 'chunk', 80)
   slowstep ('UART._rx_level', 34, 'ms at', 13953, 'chunk', 80)
   slowstep ('UARTLink._advance', 34, 'ms at', 14015, 'chunk', 80)
   slowstep ('UART._rx_level', 34, 'ms at', 14015, 'chunk', 80)
   slowstep ('UARTLink._advance', 30, 'ms at', 14073, 'chunk', 81)
   slowstep ('UART._rx_level', 30, 'ms at', 14074, 'chunk', 81)
   slowstep ('UARTLink._advance', 33, 'ms at', 14127, 'chunk', 81)
   slowstep ('UART._rx_level', 33, 'ms at', 14128, 'chunk', 81)
   slowstep ('UARTLink._advance', 44, 'ms at', 14196, 'chunk', 82)
   slowstep ('UART._rx_level', 45, 'ms at', 14196, 'chunk', 82)
   slowstep ('UARTLink._advance', 33, 'ms at', 14269, 'chunk', 82)
   slowstep ('UART._rx_level', 33, 'ms at', 14269, 'chunk', 82)
   slowstep ('UART._rx_level', 33, 'ms at', 14368, 'chunk', 83)
   slowstep ('UARTLink._advance', 32, 'ms at', 14421, 'chunk', 84)
   slowstep ('UART._rx_level', 32, 'ms at', 14421, 'chunk', 84)
   slowstep ('UARTLink._advance', 38, 'ms at', 14479, 'chunk', 84)
   slowstep ('UART._rx_level', 38, 'ms at', 14479, 'chunk', 84)
   slowstep ('UART._rx_level', 31, 'ms at', 14592, 'chunk', 85)
   slowstep ('UARTLink._advance', 33, 'ms at', 14650, 'chunk', 86)
   slowstep ('UART._rx_level', 33, 'ms at', 14650, 'chunk', 86)
   slowstep ('UARTLink._advance', 31, 'ms at', 14749, 'chunk', 87)
   slowstep ('UART._rx_level', 31, 'ms at', 14749, 'chunk', 87)
   slowstep ('UARTLink._advance', 34, 'ms at', 14798, 'chunk', 87)
   slowstep ('UART._rx_level', 34, 'ms at', 14798, 'chunk', 87)
   slowstep ('UART._rx_level', 33, 'ms at', 15369, 'chunk', 94)
   slowstep ('UARTLink._advance', 41, 'ms at', 15504, 'chunk', 95)
   slowstep ('UART._rx_level', 41, 'ms at', 15504, 'chunk', 95)
   slowstep ('UARTLink._advance', 31, 'ms at', 15565, 'chunk', 95)
   slowstep ('UART._rx_level', 31, 'ms at', 15566, 'chunk', 95)
   slowstep ('UARTLink._advance', 38, 'ms at', 15635, 'chunk', 96)
   slowstep ('UART._rx_level', 38, 'ms at', 15635, 'chunk', 96)
   slowstep ('UARTLink._advance', 31, 'ms at', 15685, 'chunk', 96)
   slowstep ('UART._rx_level', 31, 'ms at', 15685, 'chunk', 96)
   slowstep ('UARTLink._advance', 37, 'ms at', 16064, 'chunk', 101)
   slowstep ('UART._rx_level', 37, 'ms at', 16064, 'chunk', 101)
   slowstep ('UARTLink._advance', 40, 'ms at', 16128, 'chunk', 102)
   slowstep ('UART._rx_level', 40, 'ms at', 16128, 'chunk', 102)
   slowstep ('UARTLink._advance', 35, 'ms at', 16573, 'chunk', 107)
   slowstep ('UART._rx_level', 35, 'ms at', 16573, 'chunk', 107)
   slowstep ('UARTLink._advance', 33, 'ms at', 16737, 'chunk', 109)
   slowstep ('UART._rx_level', 33, 'ms at', 16737, 'chunk', 109)
   slowstep ('UART._rx_level', 31, 'ms at', 16826, 'chunk', 110)
   slowstep ('UART._rx_level', 30, 'ms at', 17027, 'chunk', 113)
   slowstep ('UARTLink._advance', 57, 'ms at', 17144, 'chunk', 114)
   slowstep ('UART._rx_level', 57, 'ms at', 17144, 'chunk', 114)
   slowstep ('UARTLink._advance', 33, 'ms at', 17205, 'chunk', 114)
   slowstep ('UART._rx_level', 33, 'ms at', 17205, 'chunk', 114)
   slowstep ('UART._rx_level', 43, 'ms at', 17268, 'chunk', 115)
   slowstep ('UART._rx_level', 49, 'ms at', 17422, 'chunk', 116)
   slowstep ('UARTLink._advance', 44, 'ms at', 17518, 'chunk', 117)
   slowstep ('UART._rx_level', 66, 'ms at', 17518, 'chunk', 117)
   slowstep ('UARTLink._advance', 30, 'ms at', 17592, 'chunk', 117)
   slowstep ('UART._rx_level', 30, 'ms at', 17592, 'chunk', 117)
   slowstep ('UARTLink._advance', 30, 'ms at', 17675, 'chunk', 118)
   slowstep ('UART._rx_level', 30, 'ms at', 17675, 'chunk', 118)
   slowstep ('UART._rx_level', 37, 'ms at', 17742, 'chunk', 118)
   slowstep ('UARTLink._advance', 36, 'ms at', 17798, 'chunk', 119)
   slowstep ('UART._rx_level', 42, 'ms at', 17798, 'chunk', 119)
   slowstep ('UARTLink._advance', 63, 'ms at', 17887, 'chunk', 119)
   slowstep ('UARTLink._advance', 92, 'ms at', 17980, 'chunk', 119)
   slowstep ('UART._rx_level', 156, 'ms at', 17980, 'chunk', 119)
   slowstep ('UARTLink._advance', 170, 'ms at', 18207, 'chunk', 120)
   slowstep ('UARTLink._advance', 78, 'ms at', 18286, 'chunk', 120)
   slowstep ('UART._rx_level', 249, 'ms at', 18286, 'chunk', 120)
   slowstep ('UARTLink._advance', 156, 'ms at', 18503, 'chunk', 120)
   slowstep ('UART._rx_level', 156, 'ms at', 18503, 'chunk', 120)
   slowstep ('UARTLink._advance', 39, 'ms at', 18582, 'chunk', 121)
   slowstep ('UART._rx_level', 39, 'ms at', 18582, 'chunk', 121)
   slowstep ('UARTLink._advance', 32, 'ms at', 18886, 'chunk', 124)
   slowstep ('UART._rx_level', 33, 'ms at', 18886, 'chunk', 124)
   slowstep ('UARTLink._advance', 30, 'ms at', 19151, 'chunk', 128)
   slowstep ('UART._rx_level', 30, 'ms at', 19151, 'chunk', 128)
   slowstep ('UARTLink._advance', 35, 'ms at', 19242, 'chunk', 129)
   slowstep ('UART._rx_level', 35, 'ms at', 19242, 'chunk', 129)
   slowstep ('UARTLink._advance', 35, 'ms at', 19341, 'chunk', 130)
   slowstep ('UART._rx_level', 35, 'ms at', 19341, 'chunk', 130)
   slowstep ('UART._rx_level', 33, 'ms at', 19422, 'chunk', 131)
   slowstep ('UART._rx_level', 41, 'ms at', 20178, 'chunk', 140)
   slowstep ('UART._rx_level', 37, 'ms at', 20276, 'chunk', 141)
   slowstep ('UART._rx_level', 46, 'ms at', 20327, 'chunk', 142)
   slowstep ('UARTLink._advance', 36, 'ms at', 20425, 'chunk', 143)
   slowstep ('UART._rx_level', 38, 'ms at', 20425, 'chunk', 143)
   slowstep ('UART._rx_level', 35, 'ms at', 20519, 'chunk', 144)
   slowstep ('UART._rx_level', 35, 'ms at', 20627, 'chunk', 145)
   slowstep ('UART._rx_level', 32, 'ms at', 20792, 'chunk', 147)
   slowstep ('UART._rx_level', 34, 'ms at', 20831, 'chunk', 147)
   slowstep ('UART._rx_level', 38, 'ms at', 20885, 'chunk', 148)
   slowstep ('UART._rx_level', 40, 'ms at', 21040, 'chunk', 150)
   slowstep ('UART._rx_level', 30, 'ms at', 21074, 'chunk', 150)
   slowstep ('UARTLink._advance', 34, 'ms at', 21125, 'chunk', 151)
   slowstep ('UART._rx_level', 34, 'ms at', 21125, 'chunk', 151)
   slowstep ('UART._rx_level', 35, 'ms at', 21210, 'chunk', 152)
   slowstep ('UARTLink._advance', 32, 'ms at', 21319, 'chunk', 153)
   slowstep ('UART._rx_level', 32, 'ms at', 21319, 'chunk', 153)
   slowstep ('UART._rx_level', 33, 'ms at', 21462, 'chunk', 154)
   slowstep ('UART._rx_level', 33, 'ms at', 21962, 'chunk', 160)
   slowstep ('UARTLink._advance', 30, 'ms at', 22097, 'chunk', 162)
   slowstep ('UART._rx_level', 30, 'ms at', 22097, 'chunk', 162)
   slowstep ('UART._rx_level', 34, 'ms at', 22442, 'chunk', 167)
   slowstep ('UART._rx_level', 32, 'ms at', 22571, 'chunk', 168)
   slowstep ('UART._rx_level', 30, 'ms at', 22606, 'chunk', 169)
   slowstep ('UART._rx_level', 31, 'ms at', 22655, 'chunk', 169)
   slowstep ('UART._rx_level', 32, 'ms at', 22943, 'chunk', 173)
   slowstep ('UART._rx_level', 32, 'ms at', 23101, 'chunk', 175)
   slowstep ('UARTLink._advance', 34, 'ms at', 23155, 'chunk', 175)
   slowstep ('UART._rx_level', 34, 'ms at', 23155, 'chunk', 175)
   slowstep ('UARTLink._advance', 35, 'ms at', 23387, 'chunk', 179)
   slowstep ('UART._rx_level', 35, 'ms at', 23387, 'chunk', 179)
   slowstep ('UARTLink._advance', 55, 'ms at', 23463, 'chunk', 179)
   slowstep ('UART._rx_level', 73, 'ms at', 23480, 'chunk', 179)
   slowstep ('UARTLink._advance', 183, 'ms at', 23695, 'chunk', 180)
   slowstep ('UART._rx_level', 184, 'ms at', 23697, 'chunk', 180)
   slowstep ('UARTLink._advance', 59, 'ms at', 23780, 'chunk', 180)
   slowstep ('UART._rx_level', 70, 'ms at', 23792, 'chunk', 180)
   slowstep ('UARTLink._advance', 201, 'ms at', 24036, 'chunk', 181)
   slowstep ('UART._rx_level', 219, 'ms at', 24054, 'chunk', 181)
   slowstep ('UARTLink._advance', 56, 'ms at', 24167, 'chunk', 181)
   slowstep ('UART._rx_level', 56, 'ms at', 24167, 'chunk', 181)
   slowstep ('UART._rx_level', 30, 'ms at', 24333, 'chunk', 183)
   slowstep ('UARTLink._advance', 47, 'ms at', 24513, 'chunk', 184)
   slowstep ('UART._rx_level', 71, 'ms at', 24513, 'chunk', 184)
   slowstep ('UARTLink._advance', 36, 'ms at', 24593, 'chunk', 185)
   slowstep ('UART._rx_level', 36, 'ms at', 24593, 'chunk', 185)
   slowstep ('UART._rx_level', 41, 'ms at', 24857, 'chunk', 188)
   slowstep ('UART._rx_level', 32, 'ms at', 24907, 'chunk', 188)
   slowstep ('UART._rx_level', 34, 'ms at', 24958, 'chunk', 189)
   slowstep ('UARTLink._advance', 30, 'ms at', 25209, 'chunk', 192)
   slowstep ('UART._rx_level', 50, 'ms at', 25229, 'chunk', 192)
   slowstep ('UART._rx_level', 33, 'ms at', 25338, 'chunk', 193)
   slowstep ('UART._rx_level', 46, 'ms at', 25555, 'chunk', 195)
   slowstep ('UART._rx_level', 33, 'ms at', 25829, 'chunk', 198)
   slowstep ('UARTLink._advance', 31, 'ms at', 25877, 'chunk', 199)
   slowstep ('UART._rx_level', 31, 'ms at', 25877, 'chunk', 199)
   slowstep ('UART._rx_level', 30, 'ms at', 25953, 'chunk', 200)
   slowstep ('UART._rx_level', 30, 'ms at', 26190, 'chunk', 203)
   slowstep ('UART._rx_level', 30, 'ms at', 26521, 'chunk', 207)
   slowstep ('UART._rx_level', 34, 'ms at', 26849, 'chunk', 211)
   slowstep ('UARTLink._advance', 31, 'ms at', 27006, 'chunk', 212)
   slowstep ('UART._rx_level', 31, 'ms at', 27006, 'chunk', 212)
   slowstep ('UART._rx_level', 38, 'ms at', 27070, 'chunk', 213)
   slowstep ('UARTLink._advance', 32, 'ms at', 27201, 'chunk', 214)
   slowstep ('UART._rx_level', 32, 'ms at', 27201, 'chunk', 214)
   slowstep ('UARTLink._advance', 31, 'ms at', 28788, 'chunk', 235)
   slowstep ('UART._rx_level', 31, 'ms at', 28788, 'chunk', 235)
   slowstep ('UART._rx_level', 35, 'ms at', 28953, 'chunk', 237)
   slowstep ('UARTLink._advance', 37, 'ms at', 29091, 'chunk', 239)
   slowstep ('UART._rx_level', 56, 'ms at', 29091, 'chunk', 239)
   slowstep ('UARTLink._advance', 40, 'ms at', 29174, 'chunk', 239)
   slowstep ('UART._rx_level', 62, 'ms at', 29174, 'chunk', 239)
   slowstep ('UARTLink._advance', 138, 'ms at', 29354, 'chunk', 240)
   slowstep ('UARTLink._advance', 85, 'ms at', 29440, 'chunk', 240)
   slowstep ('UART._rx_level', 223, 'ms at', 29440, 'chunk', 240)
   slowstep ('UARTLink._advance', 195, 'ms at', 29702, 'chunk', 240)
   slowstep ('UART._rx_level', 196, 'ms at', 29703, 'chunk', 240)
   slowstep ('UARTLink._advance', 182, 'ms at', 29926, 'chunk', 241)
   slowstep ('UART._rx_level', 182, 'ms at', 29926, 'chunk', 241)
   slowstep ('UARTLink._advance', 114, 'ms at', 30091, 'chunk', 241)
   slowstep ('UART._rx_level', 115, 'ms at', 30091, 'chunk', 241)
   slowstep ('UART._rx_level', 31, 'ms at', 30199, 'chunk', 243)
   slowstep ('UARTLink._advance', 34, 'ms at', 30617, 'chunk', 250)
   slowstep ('UART._rx_level', 34, 'ms at', 30617, 'chunk', 250)
   slowstep ('UART._rx_level', 35, 'ms at', 30698, 'chunk', 251)
   slowstep ('UARTLink._advance', 33, 'ms at', 30747, 'chunk', 251)
   slowstep ('UART._rx_level', 33, 'ms at', 30747, 'chunk', 251)
   long ('uart_set start', 'mem_free', 14089184)
   long ('init', 1706, True, 'mem_free before/after', 14062784, 13799168, 'chunk', 1, 't_since_set', 1878)
   long ('resp', 1350, True, 'mem_free before/after', 13908032, 13656256, 'chunk', 2, 't_since_set', 2510)
   long ('init', 1076, True, 'mem_free before/after', 13772608, 13527936, 'chunk', 2, 't_since_set', 3051)
   long ('resp', 764, True, 'mem_free before/after', 13630592, 13391936, 'chunk', 3, 't_since_set', 3348)
   long ('init', 280, True, 'mem_free before/after', 13501408, 13269824, 'chunk', 3, 't_since_set', 3405)
   long ('resp', 104, True, 'mem_free before/after', 13366368, 13133984, 'chunk', 4, 't_since_set', 3477)
   long ('init', 104, True, 'mem_free before/after', 13243488, 13011552, 'chunk', 4, 't_since_set', 3524)
   long ('resp', 131, True, 'mem_free before/after', 11808480, 11576320, 'chunk', 10, 't_since_set', 4069)
   long ('init', 144, True, 'mem_free before/after', 11685824, 11454144, 'chunk', 10, 't_since_set', 4129)
   long ('resp', 157, True, 'mem_free before/after', 11550720, 11318304, 'chunk', 11, 't_since_set', 4262)
   long ('init', 177, True, 'mem_free before/after', 11427808, 11196192, 'chunk', 11, 't_since_set', 4322)
   long ('resp', 152, True, 'mem_free before/after', 11292768, 11060384, 'chunk', 12, 't_since_set', 4441)
   long ('init', 140, True, 'mem_free before/after', 11169856, 10937920, 'chunk', 12, 't_since_set', 4507)
   long ('resp', 125, True, 'mem_free before/after', 11034848, 10802272, 'chunk', 13, 't_since_set', 4584)
   long ('init', 131, True, 'mem_free before/after', 10911584, 10679776, 'chunk', 13, 't_since_set', 4670)
   long ('resp', 127, True, 'mem_free before/after', 10776736, 10538240, 'chunk', 14, 't_since_set', 4734)
   long ('init', 116, True, 'mem_free before/after', 10653440, 10415360, 'chunk', 14, 't_since_set', 4829)
   long ('resp', 140, True, 'mem_free before/after', 10512576, 10279744, 'chunk', 15, 't_since_set', 4899)
   long ('init', 117, True, 'mem_free before/after', 10126144, 9900256, 'chunk', 16, 't_since_set', 5074)
   long ('resp', 144, True, 'mem_free before/after', 9998112, 9764416, 'chunk', 17, 't_since_set', 5157)
   long ('init', 119, True, 'mem_free before/after', 9873920, 9642304, 'chunk', 17, 't_since_set', 5235)
   long ('resp', 117, True, 'mem_free before/after', 9738880, 9506880, 'chunk', 18, 't_since_set', 5293)
   long ('resp', 109, True, 'mem_free before/after', 9481344, 9249184, 'chunk', 19, 't_since_set', 5432)
   long ('init', 126, True, 'mem_free before/after', 9358688, 9126688, 'chunk', 19, 't_since_set', 5505)
   long ('resp', 129, True, 'mem_free before/after', 9223648, 8990848, 'chunk', 20, 't_since_set', 5572)
   long ('init', 128, True, 'mem_free before/after', 9100352, 8868352, 'chunk', 20, 't_since_set', 5651)
   long ('resp', 160, True, 'mem_free before/after', 8965312, 8732544, 'chunk', 21, 't_since_set', 5748)
   long ('init', 165, True, 'mem_free before/after', 8842016, 8609888, 'chunk', 21, 't_since_set', 5881)
   long ('resp', 169, True, 'mem_free before/after', 8707008, 8467552, 'chunk', 22, 't_since_set', 5982)
   long ('init', 183, True, 'mem_free before/after', 8583552, 8345056, 'chunk', 22, 't_since_set', 6068)
   long ('resp', 149, True, 'mem_free before/after', 8442016, 8203328, 'chunk', 23, 't_since_set', 6170)
   long ('init', 128, True, 'mem_free before/after', 8318720, 8081216, 'chunk', 23, 't_since_set', 6257)
   long ('resp', 110, True, 'mem_free before/after', 8177792, 7945536, 'chunk', 24, 't_since_set', 6296)
   long ('init', 119, True, 'mem_free before/after', 7535520, 7304320, 'chunk', 26, 't_since_set', 6567)
   long ('resp', 115, True, 'mem_free before/after', 7401088, 7168704, 'chunk', 27, 't_since_set', 6631)
   long ('resp', 139, True, 'mem_free before/after', 5855456, 5619456, 'chunk', 33, 't_since_set', 7319)
   long ('init', 108, True, 'mem_free before/after', 4952160, 4720768, 'chunk', 36, 't_since_set', 7639)
   long ('resp', 121, True, 'mem_free before/after', 4817536, 4585120, 'chunk', 37, 't_since_set', 7715)
   long ('init', 104, True, 'mem_free before/after', 4694432, 4463008, 'chunk', 37, 't_since_set', 7771)
   long ('resp', 103, True, 'mem_free before/after', 4559584, 4327200, 'chunk', 38, 't_since_set', 7843)
   long ('init', 119, True, 'mem_free before/after', 4436672, 4204928, 'chunk', 38, 't_since_set', 7927)
   long ('resp', 123, True, 'mem_free before/after', 4301664, 4056704, 'chunk', 39, 't_since_set', 8003)
   long ('init', 130, True, 'mem_free before/after', 4178592, 3934592, 'chunk', 39, 't_since_set', 8078)
   long ('resp', 110, True, 'mem_free before/after', 4031168, 3798752, 'chunk', 40, 't_since_set', 8135)
   long ('init', 118, True, 'mem_free before/after', 3650528, 3419008, 'chunk', 41, 't_since_set', 8319)
   long ('resp', 115, True, 'mem_free before/after', 3515936, 3283360, 'chunk', 42, 't_since_set', 8401)
   long ('init', 102, True, 'mem_free before/after', 3392672, 3161248, 'chunk', 42, 't_since_set', 8458)
   long ('resp', 116, True, 'mem_free before/after', 3257824, 3025600, 'chunk', 43, 't_since_set', 8529)
   long ('init', 106, True, 'mem_free before/after', 3134912, 2903488, 'chunk', 43, 't_since_set', 8584)
   long ('resp', 109, True, 'mem_free before/after', 3000064, 2768064, 'chunk', 44, 't_since_set', 8660)
   long ('init', 112, True, 'mem_free before/after', 2619872, 2388288, 'chunk', 45, 't_since_set', 8804)
   long ('resp', 108, True, 'mem_free before/after', 2485056, 2252640, 'chunk', 46, 't_since_set', 8877)
   long ('resp', 111, True, 'mem_free before/after', 2227104, 1994944, 'chunk', 47, 't_since_set', 9002)
   long ('init', 109, True, 'mem_free before/after', 2104416, 1872864, 'chunk', 47, 't_since_set', 9059)
   long ('init', 104, True, 'mem_free before/after', 817152, 580352, 'chunk', 52, 't_since_set', 9548)
   long ('resp', 118, True, 'mem_free before/after', 682720, 444544, 'chunk', 53, 't_since_set', 9621)
   long ('init', 106, True, 'mem_free before/after', 554016, 322080, 'chunk', 53, 't_since_set', 9679)
   long ('resp', 106, True, 'mem_free before/after', 419008, 186240, 'chunk', 54, 't_since_set', 9747)
   long ('init', 122, True, 'mem_free before/after', 295744, 63744, 'chunk', 54, 't_since_set', 9828)
   long ('resp', 138, True, 'mem_free before/after', 160704, 15520128, 'chunk', 55, 't_since_set', 9908)
   long ('init', 123, True, 'mem_free before/after', 37408, 15397632, 'chunk', 55, 't_since_set', 9969)
   long ('resp', 177, True, 'mem_free before/after', 14716000, 14483264, 'chunk', 59, 't_since_set', 10395)
   long ('init', 459, True, 'mem_free before/after', 14592928, 14355392, 'chunk', 59, 't_since_set', 10728)
   long ('resp', 637, True, 'mem_free before/after', 14457728, 14219552, 'chunk', 60, 't_since_set', 11081)
   long ('init', 668, True, 'mem_free before/after', 14329056, 14091136, 'chunk', 60, 't_since_set', 11457)
   long ('resp', 484, True, 'mem_free before/after', 14193504, 13954272, 'chunk', 61, 't_since_set', 11620)
   long ('init', 193, True, 'mem_free before/after', 14064800, 13831968, 'chunk', 61, 't_since_set', 11684)
   long ('resp', 106, True, 'mem_free before/after', 13928736, 13696352, 'chunk', 62, 't_since_set', 11751)
   long ('init', 112, True, 'mem_free before/after', 13548160, 13316768, 'chunk', 63, 't_since_set', 11923)
   long ('resp', 126, True, 'mem_free before/after', 13413536, 13180960, 'chunk', 64, 't_since_set', 12016)
   long ('init', 136, True, 'mem_free before/after', 13290432, 13050976, 'chunk', 64, 't_since_set', 12079)
   long ('resp', 115, True, 'mem_free before/after', 13148928, 12911424, 'chunk', 65, 't_since_set', 12135)
   long ('resp', 105, True, 'mem_free before/after', 12885888, 12653696, 'chunk', 66, 't_since_set', 12268)
   long ('init', 141, True, 'mem_free before/after', 12763200, 12531200, 'chunk', 66, 't_since_set', 12365)
   long ('resp', 134, True, 'mem_free before/after', 11599872, 11361440, 'chunk', 71, 't_since_set', 12811)
   long ('init', 111, True, 'mem_free before/after', 11476832, 11239328, 'chunk', 71, 't_since_set', 12881)
   long ('resp', 109, True, 'mem_free before/after', 11335904, 11103872, 'chunk', 72, 't_since_set', 12943)
   long ('init', 124, True, 'mem_free before/after', 11212992, 10981568, 'chunk', 72, 't_since_set', 13024)
   long ('resp', 118, True, 'mem_free before/after', 11078336, 10845760, 'chunk', 73, 't_since_set', 13093)
   long ('init', 111, True, 'mem_free before/after', 10955232, 10723296, 'chunk', 73, 't_since_set', 13163)
   long ('resp', 110, True, 'mem_free before/after', 10820224, 10587840, 'chunk', 74, 't_since_set', 13220)
   long ('init', 116, True, 'mem_free before/after', 10439232, 10207840, 'chunk', 75, 't_since_set', 13403)
   long ('resp', 163, True, 'mem_free before/after', 10304800, 10072032, 'chunk', 76, 't_since_set', 13495)
   long ('init', 116, True, 'mem_free before/after', 10181504, 9949952, 'chunk', 76, 't_since_set', 13541)
   long ('resp', 111, True, 'mem_free before/after', 9789184, 9557056, 'chunk', 78, 't_since_set', 13688)
   long ('init', 154, True, 'mem_free before/after', 9666496, 9429600, 'chunk', 78, 't_since_set', 13758)
   long ('resp', 121, True, 'mem_free before/after', 9531520, 9293824, 'chunk', 79, 't_since_set', 13833)
   long ('init', 110, True, 'mem_free before/after', 9403264, 9171392, 'chunk', 79, 't_since_set', 13900)
   long ('resp', 104, True, 'mem_free before/after', 9268288, 9035616, 'chunk', 80, 't_since_set', 13956)
   long ('init', 106, True, 'mem_free before/after', 9145056, 8913184, 'chunk', 80, 't_since_set', 14018)
   long ('resp', 117, True, 'mem_free before/after', 8745600, 8507264, 'chunk', 82, 't_since_set', 14206)
   long ('init', 126, True, 'mem_free before/after', 8622592, 8378528, 'chunk', 82, 't_since_set', 14275)
   long ('init', 101, True, 'mem_free before/after', 8095008, 7863360, 'chunk', 84, 't_since_set', 14481)
   long ('init', 101, True, 'mem_free before/after', 7837024, 7605952, 'chunk', 85, 't_since_set', 14596)
   long ('resp', 120, True, 'mem_free before/after', 5369888, 5137824, 'chunk', 95, 't_since_set', 15507)
   long ('init', 127, True, 'mem_free before/after', 5247264, 5015392, 'chunk', 95, 't_since_set', 15579)
   long ('resp', 111, True, 'mem_free before/after', 5112288, 4879616, 'chunk', 96, 't_since_set', 15637)
   long ('resp', 113, True, 'mem_free before/after', 3568736, 3323904, 'chunk', 102, 't_since_set', 16137)
   long ('init', 103, True, 'mem_free before/after', 3439232, 3201856, 'chunk', 102, 't_since_set', 16186)
   long ('resp', 106, True, 'mem_free before/after', 460160, 222208, 'chunk', 114, 't_since_set', 17152)
   long ('init', 120, True, 'mem_free before/after', 337536, 99776, 'chunk', 114, 't_since_set', 17206)
   long ('resp', 115, True, 'mem_free before/after', 196672, 15523264, 'chunk', 115, 't_since_set', 17286)
   long ('init', 102, True, 'mem_free before/after', 15375104, 15144032, 'chunk', 116, 't_since_set', 17424)
   long ('resp', 147, True, 'mem_free before/after', 15240736, 15008256, 'chunk', 117, 't_since_set', 17520)
   long ('init', 142, True, 'mem_free before/after', 15117696, 14885824, 'chunk', 117, 't_since_set', 17621)
   long ('resp', 141, True, 'mem_free before/after', 14982720, 14750048, 'chunk', 118, 't_since_set', 17676)
   long ('init', 119, True, 'mem_free before/after', 14859488, 14627808, 'chunk', 118, 't_since_set', 17743)
   long ('init', 240, True, 'mem_free before/after', 14601472, 14364224, 'chunk', 119, 't_since_set', 17995)
   long ('resp', 479, True, 'mem_free before/after', 14466720, 14221760, 'chunk', 120, 't_since_set', 18302)
   long ('init', 469, True, 'mem_free before/after', 14337888, 14099328, 'chunk', 120, 't_since_set', 18519)
   long ('resp', 237, True, 'mem_free before/after', 14196224, 13963552, 'chunk', 121, 't_since_set', 18584)
   long ('init', 105, True, 'mem_free before/after', 5815968, 5577248, 'chunk', 153, 't_since_set', 21378)
   long ('init', 141, True, 'mem_free before/after', 14663104, 14426048, 'chunk', 179, 't_since_set', 23491)
   long ('resp', 300, True, 'mem_free before/after', 14528352, 14283488, 'chunk', 180, 't_since_set', 23706)
   long ('init', 289, True, 'mem_free before/after', 14399712, 14155648, 'chunk', 180, 't_since_set', 23797)
   long ('resp', 336, True, 'mem_free before/after', 14257952, 14019872, 'chunk', 181, 't_since_set', 24056)
   long ('init', 359, True, 'mem_free before/after', 14129312, 13897440, 'chunk', 181, 't_since_set', 24177)
   long ('resp', 103, True, 'mem_free before/after', 13994336, 13762048, 'chunk', 182, 't_since_set', 24223)
   long ('init', 101, True, 'mem_free before/after', 13871104, 13634592, 'chunk', 182, 't_since_set', 24282)
   long ('init', 138, True, 'mem_free before/after', 13344576, 13113312, 'chunk', 184, 't_since_set', 24515)
   long ('resp', 152, True, 'mem_free before/after', 13210208, 12977536, 'chunk', 185, 't_since_set', 24595)
   long ('init', 104, True, 'mem_free before/after', 13086976, 12855488, 'chunk', 185, 't_since_set', 24639)
   long ('init', 102, True, 'mem_free before/after', 11287520, 11056256, 'chunk', 192, 't_since_set', 25289)
   long ('resp', 106, True, 'mem_free before/after', 11152768, 10920672, 'chunk', 193, 't_since_set', 25340)
   long ('init', 102, True, 'mem_free before/after', 10510112, 10273632, 'chunk', 195, 't_since_set', 25610)
   long ('resp', 101, True, 'mem_free before/after', 6252896, 6021216, 'chunk', 212, 't_since_set', 26954)
   long ('init', 115, True, 'mem_free before/after', 6130272, 5898784, 'chunk', 212, 't_since_set', 27007)
   long ('resp', 114, True, 'mem_free before/after', 5995680, 5763200, 'chunk', 213, 't_since_set', 27072)
   long ('init', 114, True, 'mem_free before/after', 5872448, 5640128, 'chunk', 213, 't_since_set', 27149)
   long ('init', 141, True, 'mem_free before/after', 14689504, 14457856, 'chunk', 239, 't_since_set', 29176)
   long ('resp', 344, True, 'mem_free before/after', 14554752, 14316000, 'chunk', 240, 't_since_set', 29455)
   long ('init', 490, True, 'mem_free before/after', 14431520, 14193568, 'chunk', 240, 't_since_set', 29717)
   long ('resp', 422, True, 'mem_free before/after', 14290464, 14057792, 'chunk', 241, 't_since_set', 29945)
   long ('init', 349, True, 'mem_free before/after', 14167232, 13935360, 'chunk', 241, 't_since_set', 30095)
   long ('resp', 157, True, 'mem_free before/after', 14032256, 13799968, 'chunk', 242, 't_since_set', 30137)
   long ('uart_set end', 30982, 'ms')
rep 1 PASS elapsed_ms 25858 polls {'resp': 289, 'init': 284} bounded waits role:[n,max_ms,n>100ms,n_false] {'resp': [255, 923, 23, 1], 'init': [256, 1341, 29, 1]}
   ticker: n 984 top gaps (gap_ms, at_ms_since_set): [(980, 57), (607, 1966), (429, 1109), (337, 1566), (335, 8586), (333, 2608), (253, 23225), (249, 8301), (226, 23511), (222, 18582), (192, 8071), (191, 8944)]
   slowstep ('UARTLink.transmit', 84, 'ms at', 188, 'chunk', 1)
   slowstep ('UARTLink._advance', 828, 'ms at', 1032, 'chunk', 1)
   slowstep ('UART._rx_level', 834, 'ms at', 1037, 'chunk', 1)
   slowstep ('UARTLink.transmit', 44, 'ms at', 1154, 'chunk', 1)
   slowstep ('UARTLink._advance', 363, 'ms at', 1534, 'chunk', 1)
   slowstep ('UART._rx_level', 365, 'ms at', 1535, 'chunk', 1)
   slowstep ('UARTLink._advance', 315, 'ms at', 1902, 'chunk', 2)
   slowstep ('UART._rx_level', 316, 'ms at', 1903, 'chunk', 2)
   slowstep ('UARTLink.transmit', 51, 'ms at', 2018, 'chunk', 2)
   slowstep ('UARTLink._advance', 538, 'ms at', 2558, 'chunk', 2)
   slowstep ('UART._rx_level', 539, 'ms at', 2559, 'chunk', 2)
   slowstep ('UARTLink._advance', 256, 'ms at', 2924, 'chunk', 3)
   slowstep ('UART._rx_level', 272, 'ms at', 2941, 'chunk', 3)
   slowstep ('UART._rx_level', 33, 'ms at', 3088, 'chunk', 4)
   slowstep ('UART._rx_level', 30, 'ms at', 3173, 'chunk', 5)
   slowstep ('UART._rx_level', 32, 'ms at', 3261, 'chunk', 6)
   slowstep ('UARTLink._advance', 35, 'ms at', 3317, 'chunk', 7)
   slowstep ('UART._rx_level', 35, 'ms at', 3317, 'chunk', 7)
   slowstep ('UARTLink._advance', 32, 'ms at', 3402, 'chunk', 8)
   slowstep ('UART._rx_level', 32, 'ms at', 3402, 'chunk', 8)
   slowstep ('UART._rx_level', 30, 'ms at', 3493, 'chunk', 9)
   slowstep ('UARTLink._advance', 32, 'ms at', 3574, 'chunk', 10)
   slowstep ('UART._rx_level', 32, 'ms at', 3574, 'chunk', 10)
   slowstep ('UART._rx_level', 30, 'ms at', 3621, 'chunk', 10)
   slowstep ('UART._rx_level', 34, 'ms at', 3751, 'chunk', 12)
   slowstep ('UART._rx_level', 31, 'ms at', 3838, 'chunk', 13)
   slowstep ('UART._rx_level', 34, 'ms at', 3889, 'chunk', 13)
   slowstep ('UARTLink._advance', 31, 'ms at', 4078, 'chunk', 15)
   slowstep ('UART._rx_level', 45, 'ms at', 4092, 'chunk', 15)
   slowstep ('UART._rx_level', 43, 'ms at', 4180, 'chunk', 16)
   slowstep ('UART._rx_level', 35, 'ms at', 4403, 'chunk', 19)
   slowstep ('UART._rx_level', 30, 'ms at', 4450, 'chunk', 19)
   slowstep ('UARTLink._advance', 38, 'ms at', 4509, 'chunk', 20)
   slowstep ('UART._rx_level', 39, 'ms at', 4509, 'chunk', 20)
   slowstep ('UART._rx_level', 46, 'ms at', 4622, 'chunk', 21)
   slowstep ('UARTLink._advance', 35, 'ms at', 4693, 'chunk', 21)
   slowstep ('UART._rx_level', 35, 'ms at', 4694, 'chunk', 21)
   slowstep ('UART._rx_level', 30, 'ms at', 4734, 'chunk', 22)
   slowstep ('UART._rx_level', 38, 'ms at', 4943, 'chunk', 24)
   slowstep ('UART._rx_level', 30, 'ms at', 5022, 'chunk', 25)
   slowstep ('UART._rx_level', 37, 'ms at', 5074, 'chunk', 26)
   slowstep ('UART._rx_level', 34, 'ms at', 5370, 'chunk', 29)
   slowstep ('UARTLink._advance', 35, 'ms at', 5414, 'chunk', 30)
   slowstep ('UART._rx_level', 35, 'ms at', 5414, 'chunk', 30)
   slowstep ('UART._rx_level', 47, 'ms at', 5501, 'chunk', 31)
   slowstep ('UART._rx_level', 42, 'ms at', 5555, 'chunk', 31)
   slowstep ('UART._rx_level', 30, 'ms at', 5693, 'chunk', 33)
   slowstep ('UART._rx_level', 35, 'ms at', 5852, 'chunk', 35)
   slowstep ('UARTLink._advance', 33, 'ms at', 6064, 'chunk', 38)
   slowstep ('UART._rx_level', 33, 'ms at', 6064, 'chunk', 38)
   slowstep ('UART._rx_level', 42, 'ms at', 6110, 'chunk', 38)
   slowstep ('UARTLink._advance', 30, 'ms at', 6159, 'chunk', 39)
   slowstep ('UART._rx_level', 30, 'ms at', 6159, 'chunk', 39)
   slowstep ('UART._rx_level', 38, 'ms at', 6222, 'chunk', 39)
   slowstep ('UART._rx_level', 38, 'ms at', 6319, 'chunk', 40)
   slowstep ('UART._rx_level', 35, 'ms at', 6475, 'chunk', 42)
   slowstep ('UART._rx_level', 38, 'ms at', 6534, 'chunk', 42)
   slowstep ('UART._rx_level', 35, 'ms at', 6635, 'chunk', 43)
   slowstep ('UART._rx_level', 40, 'ms at', 6687, 'chunk', 44)
   slowstep ('UART._rx_level', 32, 'ms at', 6736, 'chunk', 44)
   slowstep ('UART._rx_level', 35, 'ms at', 6774, 'chunk', 45)
   slowstep ('UARTLink._advance', 38, 'ms at', 7104, 'chunk', 49)
   slowstep ('UART._rx_level', 38, 'ms at', 7104, 'chunk', 49)
   slowstep ('UARTLink._advance', 34, 'ms at', 7162, 'chunk', 49)
   slowstep ('UART._rx_level', 34, 'ms at', 7163, 'chunk', 49)
   slowstep ('UARTLink._advance', 38, 'ms at', 7242, 'chunk', 50)
   slowstep ('UART._rx_level', 38, 'ms at', 7242, 'chunk', 50)
   slowstep ('UART._rx_level', 31, 'ms at', 7358, 'chunk', 51)
   slowstep ('UARTLink._advance', 31, 'ms at', 7605, 'chunk', 54)
   slowstep ('UART._rx_level', 38, 'ms at', 7606, 'chunk', 54)
   slowstep ('UART._rx_level', 42, 'ms at', 7662, 'chunk', 54)
   slowstep ('UARTLink._advance', 30, 'ms at', 7831, 'chunk', 56)
   slowstep ('UART._rx_level', 30, 'ms at', 7831, 'chunk', 56)
   slowstep ('UART._rx_level', 43, 'ms at', 7988, 'chunk', 58)
   slowstep ('UARTLink._advance', 36, 'ms at', 8053, 'chunk', 58)
   slowstep ('UART._rx_level', 36, 'ms at', 8053, 'chunk', 58)
   slowstep ('UARTLink._advance', 176, 'ms at', 8261, 'chunk', 59)
   slowstep ('UART._rx_level', 177, 'ms at', 8262, 'chunk', 59)
   slowstep ('UARTLink._advance', 218, 'ms at', 8532, 'chunk', 59)
   slowstep ('UART._rx_level', 234, 'ms at', 8549, 'chunk', 59)
   slowstep ('UARTLink._advance', 270, 'ms at', 8904, 'chunk', 60)
   slowstep ('UART._rx_level', 270, 'ms at', 8904, 'chunk', 60)
   slowstep ('UARTLink._advance', 153, 'ms at', 9134, 'chunk', 60)
   slowstep ('UART._rx_level', 170, 'ms at', 9135, 'chunk', 60)
   slowstep ('UARTLink._advance', 32, 'ms at', 9559, 'chunk', 65)
   slowstep ('UART._rx_level', 32, 'ms at', 9559, 'chunk', 65)
   slowstep ('UART._rx_level', 42, 'ms at', 9762, 'chunk', 67)
   slowstep ('UARTLink._advance', 30, 'ms at', 9814, 'chunk', 67)
   slowstep ('UART._rx_level', 30, 'ms at', 9814, 'chunk', 67)
   slowstep ('UARTLink._advance', 38, 'ms at', 9869, 'chunk', 68)
   slowstep ('UART._rx_level', 38, 'ms at', 9869, 'chunk', 68)
   slowstep ('UART._rx_level', 41, 'ms at', 10013, 'chunk', 69)
   slowstep ('UARTLink._advance', 32, 'ms at', 10069, 'chunk', 70)
   slowstep ('UART._rx_level', 34, 'ms at', 10069, 'chunk', 70)
   slowstep ('UART._rx_level', 36, 'ms at', 10135, 'chunk', 70)
   slowstep ('UART._rx_level', 38, 'ms at', 10205, 'chunk', 71)
   slowstep ('UART._rx_level', 34, 'ms at', 10417, 'chunk', 73)
   slowstep ('UART._rx_level', 56, 'ms at', 10615, 'chunk', 75)
   slowstep ('UART._rx_level', 33, 'ms at', 10801, 'chunk', 77)
   slowstep ('UARTLink._advance', 44, 'ms at', 11353, 'chunk', 85)
   slowstep ('UART._rx_level', 44, 'ms at', 11353, 'chunk', 85)
   slowstep ('UARTLink._advance', 30, 'ms at', 11461, 'chunk', 86)
   slowstep ('UART._rx_level', 30, 'ms at', 11461, 'chunk', 86)
   slowstep ('UART._rx_level', 30, 'ms at', 11665, 'chunk', 88)
   slowstep ('UART._rx_level', 33, 'ms at', 11882, 'chunk', 91)
   slowstep ('UARTLink._advance', 33, 'ms at', 12242, 'chunk', 99)
   slowstep ('UART._rx_level', 35, 'ms at', 12243, 'chunk', 99)
   slowstep ('UART._rx_level', 41, 'ms at', 12305, 'chunk', 99)
   slowstep ('UART._rx_level', 32, 'ms at', 12360, 'chunk', 100)
   slowstep ('UART._rx_level', 32, 'ms at', 12396, 'chunk', 100)
   slowstep ('UART._rx_level', 37, 'ms at', 12454, 'chunk', 101)
   slowstep ('UART._rx_level', 33, 'ms at', 12598, 'chunk', 102)
   slowstep ('UART._rx_level', 38, 'ms at', 12657, 'chunk', 103)
   slowstep ('UART._rx_level', 31, 'ms at', 12815, 'chunk', 105)
   slowstep ('UART._rx_level', 30, 'ms at', 12977, 'chunk', 107)
   slowstep ('UART._rx_level', 34, 'ms at', 13389, 'chunk', 112)
   slowstep ('UARTLink._advance', 35, 'ms at', 13606, 'chunk', 115)
   slowstep ('UART._rx_level', 35, 'ms at', 13606, 'chunk', 115)
   slowstep ('UARTLink._advance', 43, 'ms at', 13889, 'chunk', 119)
   slowstep ('UART._rx_level', 62, 'ms at', 13889, 'chunk', 119)
   slowstep ('UARTLink._advance', 41, 'ms at', 13950, 'chunk', 119)
   slowstep ('UART._rx_level', 65, 'ms at', 13973, 'chunk', 119)
   slowstep ('UARTLink._advance', 40, 'ms at', 14028, 'chunk', 120)
   slowstep ('UART._rx_level', 64, 'ms at', 14052, 'chunk', 120)
   slowstep ('UARTLink._advance', 77, 'ms at', 14156, 'chunk', 120)
   slowstep ('UART._rx_level', 82, 'ms at', 14161, 'chunk', 120)
   slowstep ('UART._rx_level', 36, 'ms at', 14314, 'chunk', 122)
   slowstep ('UARTLink._advance', 44, 'ms at', 14498, 'chunk', 124)
   slowstep ('UART._rx_level', 44, 'ms at', 14498, 'chunk', 124)
   slowstep ('UART._rx_level', 33, 'ms at', 14549, 'chunk', 124)
   slowstep ('UART._rx_level', 34, 'ms at', 14798, 'chunk', 127)
   slowstep ('UART._rx_level', 33, 'ms at', 14958, 'chunk', 129)
   slowstep ('UART._rx_level', 36, 'ms at', 15319, 'chunk', 134)
   slowstep ('UART._rx_level', 33, 'ms at', 15357, 'chunk', 134)
   slowstep ('UART._rx_level', 36, 'ms at', 15661, 'chunk', 140)
   slowstep ('UART._rx_level', 33, 'ms at', 15909, 'chunk', 143)
   slowstep ('UART._rx_level', 30, 'ms at', 16110, 'chunk', 145)
   slowstep ('UARTLink._advance', 33, 'ms at', 16317, 'chunk', 148)
   slowstep ('UART._rx_level', 33, 'ms at', 16317, 'chunk', 148)
   slowstep ('UART._rx_level', 37, 'ms at', 17285, 'chunk', 163)
   slowstep ('UART._rx_level', 41, 'ms at', 17334, 'chunk', 163)
   slowstep ('UART._rx_level', 38, 'ms at', 17386, 'chunk', 164)
   slowstep ('UART._rx_level', 33, 'ms at', 17438, 'chunk', 164)
   slowstep ('UARTLink._advance', 33, 'ms at', 18178, 'chunk', 175)
   slowstep ('UART._rx_level', 43, 'ms at', 18178, 'chunk', 175)
   slowstep ('UARTLink._advance', 53, 'ms at', 18258, 'chunk', 175)
   slowstep ('UART._rx_level', 65, 'ms at', 18258, 'chunk', 175)
   slowstep ('UARTLink._advance', 35, 'ms at', 18401, 'chunk', 179)
   slowstep ('UART._rx_level', 35, 'ms at', 18401, 'chunk', 179)
   slowstep ('UARTLink._advance', 133, 'ms at', 18558, 'chunk', 179)
   slowstep ('UART._rx_level', 134, 'ms at', 18558, 'chunk', 179)
   slowstep ('UARTLink._advance', 193, 'ms at', 18802, 'chunk', 180)
   slowstep ('UART._rx_level', 193, 'ms at', 18803, 'chunk', 180)
   slowstep ('UARTLink.transmit', 32, 'ms at', 18883, 'chunk', 180)
   slowstep ('UARTLink._advance', 67, 'ms at', 18952, 'chunk', 180)
   slowstep ('UART._rx_level', 93, 'ms at', 18978, 'chunk', 180)
   slowstep ('UARTLink._advance', 73, 'ms at', 19070, 'chunk', 181)
   slowstep ('UART._rx_level', 73, 'ms at', 19071, 'chunk', 181)
   slowstep ('UART._rx_level', 37, 'ms at', 19358, 'chunk', 185)
   slowstep ('UART._rx_level', 31, 'ms at', 19574, 'chunk', 187)
   slowstep ('UARTLink._advance', 49, 'ms at', 20045, 'chunk', 196)
   slowstep ('UART._rx_level', 49, 'ms at', 20045, 'chunk', 196)
   slowstep ('UART._rx_level', 35, 'ms at', 20162, 'chunk', 197)
   slowstep ('UART._rx_level', 34, 'ms at', 20294, 'chunk', 199)
   slowstep ('UART._rx_level', 34, 'ms at', 20855, 'chunk', 207)
   slowstep ('UART._rx_level', 30, 'ms at', 21311, 'chunk', 214)
   slowstep ('UARTLink._advance', 35, 'ms at', 22026, 'chunk', 224)
   slowstep ('UART._rx_level', 35, 'ms at', 22026, 'chunk', 224)
   slowstep ('UART._rx_level', 31, 'ms at', 22609, 'chunk', 235)
   slowstep ('UART._rx_level', 30, 'ms at', 22685, 'chunk', 236)
   slowstep ('UART._rx_level', 34, 'ms at', 22766, 'chunk', 237)
   slowstep ('UART._rx_level', 35, 'ms at', 22815, 'chunk', 237)
   slowstep ('UART._rx_level', 38, 'ms at', 22865, 'chunk', 238)
   slowstep ('UARTLink._advance', 46, 'ms at', 22930, 'chunk', 238)
   slowstep ('UART._rx_level', 46, 'ms at', 22930, 'chunk', 238)
   slowstep ('UARTLink._advance', 38, 'ms at', 23004, 'chunk', 239)
   slowstep ('UART._rx_level', 52, 'ms at', 23004, 'chunk', 239)
   slowstep ('UARTLink._advance', 82, 'ms at', 23110, 'chunk', 239)
   slowstep ('UARTLink._advance', 79, 'ms at', 23189, 'chunk', 239)
   slowstep ('UART._rx_level', 162, 'ms at', 23189, 'chunk', 239)
   slowstep ('UARTLink._advance', 235, 'ms at', 23477, 'chunk', 240)
   slowstep ('UART._rx_level', 235, 'ms at', 23477, 'chunk', 240)
   slowstep ('UARTLink._advance', 171, 'ms at', 23720, 'chunk', 240)
   slowstep ('UART._rx_level', 172, 'ms at', 23720, 'chunk', 240)
   slowstep ('UART._rx_level', 30, 'ms at', 23893, 'chunk', 242)
   slowstep ('UART._rx_level', 30, 'ms at', 24406, 'chunk', 249)
   slowstep ('UART._rx_level', 39, 'ms at', 24853, 'chunk', 255)
   long ('uart_set start', 'mem_free', 13991904)
   long ('init', 1341, True, 'mem_free before/after', 13965504, 13701920, 'chunk', 1, 't_since_set', 1553)
   long ('resp', 760, True, 'mem_free before/after', 13804384, 13559264, 'chunk', 2, 't_since_set', 1922)
   long ('init', 991, True, 'mem_free before/after', 13675552, 13430944, 'chunk', 2, 't_since_set', 2585)
   long ('resp', 923, True, 'mem_free before/after', 13533344, 13295136, 'chunk', 3, 't_since_set', 2943)
   long ('init', 333, True, 'mem_free before/after', 13404608, 13173024, 'chunk', 3, 't_since_set', 3001)
   long ('init', 122, True, 'mem_free before/after', 10317760, 10080544, 'chunk', 15, 't_since_set', 4114)
   long ('resp', 135, True, 'mem_free before/after', 10177472, 9944896, 'chunk', 16, 't_since_set', 4189)
   long ('resp', 111, True, 'mem_free before/after', 8888640, 8656672, 'chunk', 21, 't_since_set', 4637)
   long ('init', 121, True, 'mem_free before/after', 8765952, 8534144, 'chunk', 21, 't_since_set', 4695)
   long ('init', 107, True, 'mem_free before/after', 6169376, 5937984, 'chunk', 31, 't_since_set', 5556)
   long ('init', 101, True, 'mem_free before/after', 4098976, 3867392, 'chunk', 39, 't_since_set', 6224)
   long ('resp', 104, True, 'mem_free before/after', 3455648, 3223680, 'chunk', 42, 't_since_set', 6476)
   long ('init', 110, True, 'mem_free before/after', 1540896, 1289920, 'chunk', 49, 't_since_set', 7178)
   long ('resp', 123, True, 'mem_free before/after', 1393696, 1153216, 'chunk', 50, 't_since_set', 7251)
   long ('init', 105, True, 'mem_free before/after', 1263584, 1025728, 'chunk', 50, 't_since_set', 7311)
   long ('resp', 112, True, 'mem_free before/after', 14865120, 14633120, 'chunk', 58, 't_since_set', 8002)
   long ('init', 110, True, 'mem_free before/after', 14742432, 14509600, 'chunk', 58, 't_since_set', 8055)
   long ('resp', 248, True, 'mem_free before/after', 14606560, 14373792, 'chunk', 59, 't_since_set', 8264)
   long ('init', 478, True, 'mem_free before/after', 14483264, 14251328, 'chunk', 59, 't_since_set', 8569)
   long ('resp', 609, True, 'mem_free before/after', 14348256, 14109600, 'chunk', 60, 't_since_set', 8924)
   long ('init', 531, True, 'mem_free before/after', 14224992, 13980608, 'chunk', 60, 't_since_set', 9153)
   long ('resp', 232, True, 'mem_free before/after', 14084064, 13845152, 'chunk', 61, 't_since_set', 9210)
   long ('resp', 105, True, 'mem_free before/after', 13562528, 13324864, 'chunk', 63, 't_since_set', 9410)
   long ('init', 101, True, 'mem_free before/after', 11873408, 11642208, 'chunk', 69, 't_since_set', 10014)
   long ('resp', 101, True, 'mem_free before/after', 11738976, 11500512, 'chunk', 70, 't_since_set', 10082)
   long ('init', 102, True, 'mem_free before/after', 11615872, 11378240, 'chunk', 70, 't_since_set', 10149)
   long ('resp', 110, True, 'mem_free before/after', 11474976, 11242592, 'chunk', 71, 't_since_set', 10207)
   long ('init', 111, True, 'mem_free before/after', 10325568, 10094368, 'chunk', 75, 't_since_set', 10629)
   long ('resp', 112, True, 'mem_free before/after', 10191136, 9958944, 'chunk', 76, 't_since_set', 10677)
   long ('resp', 105, True, 'mem_free before/after', 7864736, 7632672, 'chunk', 85, 't_since_set', 11356)
   long ('init', 101, True, 'mem_free before/after', 7742112, 7510624, 'chunk', 85, 't_since_set', 11410)
   long ('init', 101, True, 'mem_free before/after', 6712736, 6476448, 'chunk', 89, 't_since_set', 11770)
   long ('init', 101, True, 'mem_free before/after', 4125856, 3894400, 'chunk', 99, 't_since_set', 12307)
   long ('init', 102, True, 'mem_free before/after', 3610688, 3374208, 'chunk', 101, 't_since_set', 12518)
   long ('resp', 106, True, 'mem_free before/after', 14627680, 14395616, 'chunk', 119, 't_since_set', 13891)
   long ('init', 148, True, 'mem_free before/after', 14505056, 14273184, 'chunk', 119, 't_since_set', 13976)
   long ('resp', 153, True, 'mem_free before/after', 14370080, 14131520, 'chunk', 120, 't_since_set', 14060)
   long ('init', 175, True, 'mem_free before/after', 14246848, 14009088, 'chunk', 120, 't_since_set', 14163)
   long ('resp', 142, True, 'mem_free before/after', 14105984, 13873696, 'chunk', 121, 't_since_set', 14220)
   long ('init', 109, True, 'mem_free before/after', 13212256, 12979776, 'chunk', 124, 't_since_set', 14550)
   long ('init', 125, True, 'mem_free before/after', 61856, 15343264, 'chunk', 175, 't_since_set', 18260)
   long ('init', 199, True, 'mem_free before/after', 14540064, 14308416, 'chunk', 179, 't_since_set', 18573)
   long ('resp', 388, True, 'mem_free before/after', 14405312, 14172640, 'chunk', 180, 't_since_set', 18825)
   long ('init', 380, True, 'mem_free before/after', 14282080, 14050016, 'chunk', 180, 't_since_set', 18980)
   long ('resp', 188, True, 'mem_free before/after', 14146912, 13914240, 'chunk', 181, 't_since_set', 19077)
   long ('init', 109, True, 'mem_free before/after', 14023680, 13792192, 'chunk', 181, 't_since_set', 19102)
   long ('init', 105, True, 'mem_free before/after', 14796672, 14565216, 'chunk', 238, 't_since_set', 22932)
   long ('resp', 141, True, 'mem_free before/after', 14662112, 14423552, 'chunk', 239, 't_since_set', 23011)
   long ('init', 240, True, 'mem_free before/after', 14538880, 14300928, 'chunk', 239, 't_since_set', 23192)
   long ('resp', 464, True, 'mem_free before/after', 14398016, 14157760, 'chunk', 240, 't_since_set', 23490)
   long ('init', 498, True, 'mem_free before/after', 14274592, 14029920, 'chunk', 240, 't_since_set', 23739)
   long ('resp', 253, True, 'mem_free before/after', 14132224, 13894528, 'chunk', 241, 't_since_set', 23805)
   long ('uart_set end', 24885, 'ms')
rep 2 PASS elapsed_ms 31844 polls {'resp': 276, 'init': 271} bounded waits role:[n,max_ms,n>100ms,n_false] {'resp': [255, 1434, 64, 1], 'init': [256, 1566, 66, 1]}
   ticker: n 987 top gaps (gap_ms, at_ms_since_set): [(855, 29), (701, 963), (688, 1727), (612, 2478), (380, 15519), (306, 22618), (276, 15939), (272, 9159), (265, 8855), (253, 22329), (252, 28970), (216, 15267)]
   slowstep ('UARTLink.transmit', 53, 'ms at', 113, 'chunk', 1)
   slowstep ('UARTLink._advance', 752, 'ms at', 883, 'chunk', 1)
   slowstep ('UART._rx_level', 758, 'ms at', 884, 'chunk', 1)
   slowstep ('UARTLink.transmit', 37, 'ms at', 1001, 'chunk', 1)
   slowstep ('UARTLink._advance', 628, 'ms at', 1640, 'chunk', 1)
   slowstep ('UART._rx_level', 630, 'ms at', 1641, 'chunk', 1)
   slowstep ('UARTLink.transmit', 49, 'ms at', 1779, 'chunk', 2)
   slowstep ('UARTLink._advance', 624, 'ms at', 2406, 'chunk', 2)
   slowstep ('UART._rx_level', 633, 'ms at', 2415, 'chunk', 2)
   slowstep ('UARTLink._advance', 585, 'ms at', 3088, 'chunk', 2)
   slowstep ('UART._rx_level', 586, 'ms at', 3089, 'chunk', 2)
   slowstep ('UARTLink._advance', 81, 'ms at', 3245, 'chunk', 3)
   slowstep ('UART._rx_level', 82, 'ms at', 3245, 'chunk', 3)
   slowstep ('UART._rx_level', 35, 'ms at', 3470, 'chunk', 5)
   slowstep ('UART._rx_level', 30, 'ms at', 3512, 'chunk', 6)
   slowstep ('UARTLink._advance', 44, 'ms at', 3627, 'chunk', 7)
   slowstep ('UART._rx_level', 67, 'ms at', 3650, 'chunk', 7)
   slowstep ('UART._rx_level', 30, 'ms at', 3726, 'chunk', 7)
   slowstep ('UART._rx_level', 30, 'ms at', 3896, 'chunk', 9)
   slowstep ('UARTLink._advance', 46, 'ms at', 4043, 'chunk', 10)
   slowstep ('UART._rx_level', 46, 'ms at', 4043, 'chunk', 10)
   slowstep ('UART._rx_level', 30, 'ms at', 4240, 'chunk', 12)
   slowstep ('UARTLink._advance', 38, 'ms at', 4295, 'chunk', 13)
   slowstep ('UART._rx_level', 38, 'ms at', 4295, 'chunk', 13)
   slowstep ('UART._rx_level', 43, 'ms at', 4417, 'chunk', 14)
   slowstep ('UART._rx_level', 39, 'ms at', 4541, 'chunk', 15)
   slowstep ('UARTLink._advance', 48, 'ms at', 4627, 'chunk', 15)
   slowstep ('UART._rx_level', 48, 'ms at', 4627, 'chunk', 15)
   slowstep ('UART._rx_level', 41, 'ms at', 4690, 'chunk', 16)
   slowstep ('UARTLink._advance', 31, 'ms at', 4912, 'chunk', 19)
   slowstep ('UART._rx_level', 31, 'ms at', 4912, 'chunk', 19)
   slowstep ('UARTLink._advance', 32, 'ms at', 5078, 'chunk', 21)
   slowstep ('UART._rx_level', 51, 'ms at', 5078, 'chunk', 21)
   slowstep ('UART._rx_level', 45, 'ms at', 5127, 'chunk', 21)
   slowstep ('UART._rx_level', 42, 'ms at', 5199, 'chunk', 22)
   slowstep ('UARTLink._advance', 31, 'ms at', 5275, 'chunk', 23)
   slowstep ('UART._rx_level', 31, 'ms at', 5276, 'chunk', 23)
   slowstep ('UART._rx_level', 30, 'ms at', 5404, 'chunk', 24)
   slowstep ('UART._rx_level', 42, 'ms at', 5460, 'chunk', 25)
   slowstep ('UART._rx_level', 38, 'ms at', 5527, 'chunk', 25)
   slowstep ('UART._rx_level', 48, 'ms at', 5591, 'chunk', 26)
   slowstep ('UARTLink._advance', 34, 'ms at', 5726, 'chunk', 27)
   slowstep ('UART._rx_level', 58, 'ms at', 5751, 'chunk', 27)
   slowstep ('UARTLink._advance', 30, 'ms at', 5801, 'chunk', 27)
   slowstep ('UART._rx_level', 30, 'ms at', 5801, 'chunk', 27)
   slowstep ('UART._rx_level', 31, 'ms at', 5910, 'chunk', 28)
   slowstep ('UART._rx_level', 34, 'ms at', 6016, 'chunk', 29)
   slowstep ('UART._rx_level', 32, 'ms at', 6113, 'chunk', 30)
   slowstep ('UART._rx_level', 43, 'ms at', 6172, 'chunk', 31)
   slowstep ('UART._rx_level', 34, 'ms at', 6223, 'chunk', 31)
   slowstep ('UARTLink._advance', 30, 'ms at', 6276, 'chunk', 32)
   slowstep ('UART._rx_level', 30, 'ms at', 6276, 'chunk', 32)
   slowstep ('UART._rx_level', 36, 'ms at', 6333, 'chunk', 32)
   slowstep ('UARTLink._advance', 40, 'ms at', 6408, 'chunk', 33)
   slowstep ('UART._rx_level', 41, 'ms at', 6408, 'chunk', 33)
   slowstep ('UARTLink._advance', 39, 'ms at', 6496, 'chunk', 33)
   slowstep ('UART._rx_level', 39, 'ms at', 6496, 'chunk', 33)
   slowstep ('UARTLink._advance', 30, 'ms at', 6554, 'chunk', 34)
   slowstep ('UART._rx_level', 30, 'ms at', 6554, 'chunk', 34)
   slowstep ('UART._rx_level', 38, 'ms at', 6677, 'chunk', 35)
   slowstep ('UART._rx_level', 37, 'ms at', 6735, 'chunk', 35)
   slowstep ('UART._rx_level', 31, 'ms at', 6815, 'chunk', 36)
   slowstep ('UARTLink._advance', 34, 'ms at', 6865, 'chunk', 37)
   slowstep ('UART._rx_level', 34, 'ms at', 6865, 'chunk', 37)
   slowstep ('UART._rx_level', 50, 'ms at', 6935, 'chunk', 37)
   slowstep ('UART._rx_level', 38, 'ms at', 6999, 'chunk', 38)
   slowstep ('UART._rx_level', 38, 'ms at', 7049, 'chunk', 38)
   slowstep ('UART._rx_level', 38, 'ms at', 7100, 'chunk', 39)
   slowstep ('UART._rx_level', 43, 'ms at', 7164, 'chunk', 39)
   slowstep ('UART._rx_level', 33, 'ms at', 7214, 'chunk', 40)
   slowstep ('UART._rx_level', 46, 'ms at', 7272, 'chunk', 40)
   slowstep ('UARTLink._advance', 30, 'ms at', 7418, 'chunk', 42)
   slowstep ('UART._rx_level', 30, 'ms at', 7418, 'chunk', 42)
   slowstep ('UARTLink._advance', 32, 'ms at', 7533, 'chunk', 43)
   slowstep ('UART._rx_level', 32, 'ms at', 7533, 'chunk', 43)
   slowstep ('UART._rx_level', 34, 'ms at', 7592, 'chunk', 43)
   slowstep ('UART._rx_level', 34, 'ms at', 7676, 'chunk', 44)
   slowstep ('UARTLink._advance', 30, 'ms at', 7971, 'chunk', 52)
   slowstep ('UART._rx_level', 30, 'ms at', 7971, 'chunk', 52)
   slowstep ('UART._rx_level', 35, 'ms at', 8276, 'chunk', 56)
   slowstep ('UART._rx_level', 38, 'ms at', 8328, 'chunk', 56)
   slowstep ('UARTLink._advance', 30, 'ms at', 8383, 'chunk', 57)
   slowstep ('UART._rx_level', 31, 'ms at', 8383, 'chunk', 57)
   slowstep ('UART._rx_level', 45, 'ms at', 8451, 'chunk', 57)
   slowstep ('UARTLink._advance', 41, 'ms at', 8512, 'chunk', 58)
   slowstep ('UART._rx_level', 41, 'ms at', 8512, 'chunk', 58)
   slowstep ('UARTLink._advance', 37, 'ms at', 8589, 'chunk', 58)
   slowstep ('UART._rx_level', 37, 'ms at', 8589, 'chunk', 58)
   slowstep ('UARTLink._advance', 49, 'ms at', 8684, 'chunk', 59)
   slowstep ('UARTLink._advance', 132, 'ms at', 8816, 'chunk', 59)
   slowstep ('UART._rx_level', 182, 'ms at', 8816, 'chunk', 59)
   slowstep ('UARTLink._advance', 246, 'ms at', 9119, 'chunk', 59)
   slowstep ('UART._rx_level', 247, 'ms at', 9119, 'chunk', 59)
   slowstep ('UARTLink._advance', 236, 'ms at', 9418, 'chunk', 60)
   slowstep ('UART._rx_level', 237, 'ms at', 9418, 'chunk', 60)
   slowstep ('UARTLink._advance', 107, 'ms at', 9573, 'chunk', 60)
   slowstep ('UARTLink._advance', 76, 'ms at', 9649, 'chunk', 60)
   slowstep ('UART._rx_level', 183, 'ms at', 9650, 'chunk', 60)
   slowstep ('UARTLink._advance', 37, 'ms at', 9845, 'chunk', 62)
   slowstep ('UART._rx_level', 54, 'ms at', 9845, 'chunk', 62)
   slowstep ('UART._rx_level', 49, 'ms at', 9912, 'chunk', 62)
   slowstep ('UART._rx_level', 32, 'ms at', 10033, 'chunk', 63)
   slowstep ('UART._rx_level', 30, 'ms at', 10173, 'chunk', 65)
   slowstep ('UART._rx_level', 44, 'ms at', 10382, 'chunk', 67)
   slowstep ('UARTLink._advance', 38, 'ms at', 10424, 'chunk', 67)
   slowstep ('UART._rx_level', 55, 'ms at', 10442, 'chunk', 67)
   slowstep ('UARTLink._advance', 34, 'ms at', 10517, 'chunk', 68)
   slowstep ('UART._rx_level', 34, 'ms at', 10517, 'chunk', 68)
   slowstep ('UART._rx_level', 42, 'ms at', 10748, 'chunk', 70)
   slowstep ('UART._rx_level', 42, 'ms at', 10816, 'chunk', 70)
   slowstep ('UART._rx_level', 59, 'ms at', 10902, 'chunk', 71)
   slowstep ('UART._rx_level', 37, 'ms at', 11115, 'chunk', 73)
   slowstep ('UART._rx_level', 42, 'ms at', 11367, 'chunk', 75)
   slowstep ('UARTLink._advance', 51, 'ms at', 11434, 'chunk', 76)
   slowstep ('UART._rx_level', 54, 'ms at', 11434, 'chunk', 76)
   slowstep ('UART._rx_level', 35, 'ms at', 11493, 'chunk', 76)
   slowstep ('UART._rx_level', 31, 'ms at', 11553, 'chunk', 77)
   slowstep ('UART._rx_level', 45, 'ms at', 11620, 'chunk', 77)
   slowstep ('UART._rx_level', 35, 'ms at', 11953, 'chunk', 82)
   slowstep ('UARTLink._advance', 36, 'ms at', 12003, 'chunk', 82)
   slowstep ('UART._rx_level', 39, 'ms at', 12003, 'chunk', 82)
   slowstep ('UART._rx_level', 31, 'ms at', 12078, 'chunk', 83)
   slowstep ('UART._rx_level', 35, 'ms at', 12264, 'chunk', 85)
   slowstep ('UART._rx_level', 37, 'ms at', 12619, 'chunk', 91)
   slowstep ('UART._rx_level', 30, 'ms at', 12906, 'chunk', 94)
   slowstep ('UARTLink._advance', 30, 'ms at', 12988, 'chunk', 95)
   slowstep ('UART._rx_level', 31, 'ms at', 12988, 'chunk', 95)
   slowstep ('UART._rx_level', 30, 'ms at', 13116, 'chunk', 97)
   slowstep ('UARTLink._advance', 30, 'ms at', 13280, 'chunk', 99)
   slowstep ('UART._rx_level', 30, 'ms at', 13280, 'chunk', 99)
   slowstep ('UART._rx_level', 31, 'ms at', 13327, 'chunk', 99)
   slowstep ('UART._rx_copy', 55, 'ms at', 13413, 'chunk', 100)
   slowstep ('UART._rx_level', 32, 'ms at', 13602, 'chunk', 103)
   slowstep ('UART._rx_level', 38, 'ms at', 13959, 'chunk', 108)
   slowstep ('UARTLink._advance', 41, 'ms at', 14112, 'chunk', 110)
   slowstep ('UART._rx_level', 61, 'ms at', 14132, 'chunk', 110)
   slowstep ('UART._rx_level', 33, 'ms at', 14191, 'chunk', 110)
   slowstep ('UART._rx_level', 42, 'ms at', 14255, 'chunk', 111)
   slowstep ('UART._rx_level', 52, 'ms at', 14374, 'chunk', 112)
   slowstep ('UARTLink._advance', 35, 'ms at', 14488, 'chunk', 113)
   slowstep ('UART._rx_level', 35, 'ms at', 14488, 'chunk', 113)
   slowstep ('UARTLink._advance', 35, 'ms at', 14539, 'chunk', 113)
   slowstep ('UART._rx_level', 35, 'ms at', 14540, 'chunk', 113)
   slowstep ('UART._rx_level', 40, 'ms at', 14606, 'chunk', 114)
   slowstep ('UART._rx_level', 50, 'ms at', 14696, 'chunk', 114)
   slowstep ('UARTLink._advance', 37, 'ms at', 14779, 'chunk', 115)
   slowstep ('UART._rx_level', 57, 'ms at', 14779, 'chunk', 115)
   slowstep ('UART._rx_level', 30, 'ms at', 14984, 'chunk', 118)
   slowstep ('UART._rx_level', 41, 'ms at', 15050, 'chunk', 118)
   slowstep ('UARTLink._advance', 142, 'ms at', 15230, 'chunk', 119)
   slowstep ('UART._rx_level', 142, 'ms at', 15230, 'chunk', 119)
   slowstep ('UARTLink._advance', 181, 'ms at', 15466, 'chunk', 119)
   slowstep ('UART._rx_level', 198, 'ms at', 15483, 'chunk', 119)
   slowstep ('UARTLink._advance', 337, 'ms at', 15877, 'chunk', 120)
   slowstep ('UART._rx_level', 337, 'ms at', 15878, 'chunk', 120)
   slowstep ('UARTLink._advance', 250, 'ms at', 16214, 'chunk', 120)
   slowstep ('UART._rx_level', 250, 'ms at', 16215, 'chunk', 120)
   slowstep ('UARTLink._advance', 93, 'ms at', 16351, 'chunk', 121)
   slowstep ('UART._rx_level', 113, 'ms at', 16372, 'chunk', 121)
   slowstep ('UART._rx_level', 35, 'ms at', 16433, 'chunk', 121)
   slowstep ('UARTLink._advance', 35, 'ms at', 16595, 'chunk', 123)
   slowstep ('UART._rx_level', 35, 'ms at', 16595, 'chunk', 123)
   slowstep ('UARTLink._advance', 56, 'ms at', 16723, 'chunk', 124)
   slowstep ('UART._rx_level', 56, 'ms at', 16723, 'chunk', 124)
   slowstep ('UART._rx_level', 41, 'ms at', 16791, 'chunk', 124)
   slowstep ('UART._rx_level', 31, 'ms at', 16844, 'chunk', 125)
   slowstep ('UART._rx_level', 33, 'ms at', 16936, 'chunk', 126)
   slowstep ('UART._rx_level', 38, 'ms at', 17040, 'chunk', 127)
   slowstep ('UART._rx_level', 38, 'ms at', 17144, 'chunk', 128)
   slowstep ('UARTLink._advance', 30, 'ms at', 17199, 'chunk', 128)
   slowstep ('UART._rx_level', 30, 'ms at', 17199, 'chunk', 128)
   slowstep ('UART._rx_level', 31, 'ms at', 17281, 'chunk', 129)
   slowstep ('UART._rx_level', 35, 'ms at', 17326, 'chunk', 130)
   slowstep ('UART._rx_level', 37, 'ms at', 17376, 'chunk', 130)
   slowstep ('UART._rx_level', 45, 'ms at', 17487, 'chunk', 131)
   slowstep ('UART._rx_level', 32, 'ms at', 17598, 'chunk', 132)
   slowstep ('UARTLink._advance', 44, 'ms at', 17983, 'chunk', 137)
   slowstep ('UART._rx_level', 44, 'ms at', 17983, 'chunk', 137)
   slowstep ('UART._rx_level', 31, 'ms at', 18041, 'chunk', 137)
   slowstep ('UART._rx_level', 38, 'ms at', 18301, 'chunk', 140)
   slowstep ('UART._rx_level', 31, 'ms at', 18352, 'chunk', 140)
   slowstep ('UARTLink._advance', 31, 'ms at', 18403, 'chunk', 141)
   slowstep ('UART._rx_level', 31, 'ms at', 18403, 'chunk', 141)
   slowstep ('UARTLink._advance', 34, 'ms at', 18454, 'chunk', 141)
   slowstep ('UART._rx_level', 34, 'ms at', 18454, 'chunk', 141)
   slowstep ('UART._rx_level', 34, 'ms at', 18493, 'chunk', 142)
   slowstep ('UART._rx_level', 38, 'ms at', 19007, 'chunk', 149)
   slowstep ('UART._rx_level', 33, 'ms at', 19056, 'chunk', 149)
   slowstep ('UARTLink._advance', 31, 'ms at', 19108, 'chunk', 150)
   slowstep ('UART._rx_level', 31, 'ms at', 19108, 'chunk', 150)
   slowstep ('UART._rx_level', 38, 'ms at', 19203, 'chunk', 151)
   slowstep ('UART._rx_level', 33, 'ms at', 19359, 'chunk', 152)
   slowstep ('UARTLink._advance', 30, 'ms at', 19407, 'chunk', 153)
   slowstep ('UART._rx_level', 30, 'ms at', 19407, 'chunk', 153)
   slowstep ('UART._rx_level', 30, 'ms at', 19479, 'chunk', 154)
   slowstep ('UART._rx_level', 36, 'ms at', 19605, 'chunk', 155)
   slowstep ('UARTLink._advance', 62, 'ms at', 19676, 'chunk', 156)
   slowstep ('UARTLink._advance', 62, 'ms at', 19739, 'chunk', 156)
   slowstep ('UART._rx_level', 125, 'ms at', 19739, 'chunk', 156)
   slowstep ('UARTLink._advance', 66, 'ms at', 19913, 'chunk', 157)
   slowstep ('UART._rx_level', 66, 'ms at', 19913, 'chunk', 157)
   slowstep ('UART._rx_level', 35, 'ms at', 20047, 'chunk', 158)
   slowstep ('UART._rx_level', 42, 'ms at', 20159, 'chunk', 159)
   slowstep ('UART._rx_level', 36, 'ms at', 20254, 'chunk', 160)
   slowstep ('UART._rx_level', 45, 'ms at', 20315, 'chunk', 160)
   slowstep ('UARTLink._advance', 48, 'ms at', 20394, 'chunk', 161)
   slowstep ('UART._rx_level', 48, 'ms at', 20394, 'chunk', 161)
   slowstep ('UARTLink._advance', 38, 'ms at', 20650, 'chunk', 163)
   slowstep ('UART._rx_level', 38, 'ms at', 20650, 'chunk', 163)
   slowstep ('UART._rx_level', 36, 'ms at', 20762, 'chunk', 164)
   slowstep ('UART._rx_level', 37, 'ms at', 20828, 'chunk', 164)
   slowstep ('UART._rx_level', 38, 'ms at', 20884, 'chunk', 165)
   slowstep ('UARTLink._advance', 42, 'ms at', 20943, 'chunk', 165)
   slowstep ('UART._rx_level', 42, 'ms at', 20943, 'chunk', 165)
   slowstep ('UARTLink._advance', 36, 'ms at', 21061, 'chunk', 166)
   slowstep ('UART._rx_level', 36, 'ms at', 21061, 'chunk', 166)
   slowstep ('UART._rx_level', 35, 'ms at', 21102, 'chunk', 167)
   slowstep ('UART._rx_level', 32, 'ms at', 21287, 'chunk', 169)
   slowstep ('UART._rx_level', 34, 'ms at', 21515, 'chunk', 171)
   slowstep ('UART._rx_level', 35, 'ms at', 21601, 'chunk', 172)
   slowstep ('UART._rx_level', 35, 'ms at', 21734, 'chunk', 174)
   slowstep ('UART._rx_level', 33, 'ms at', 21791, 'chunk', 174)
   slowstep ('UARTLink._advance', 47, 'ms at', 21850, 'chunk', 175)
   slowstep ('UART._rx_level', 47, 'ms at', 21850, 'chunk', 175)
   slowstep ('UARTLink._advance', 30, 'ms at', 21907, 'chunk', 175)
   slowstep ('UART._rx_level', 33, 'ms at', 21910, 'chunk', 175)
   slowstep ('UART._rx_level', 42, 'ms at', 22152, 'chunk', 178)
   slowstep ('UART._rx_level', 31, 'ms at', 22192, 'chunk', 178)
   slowstep ('UARTLink._advance', 74, 'ms at', 22307, 'chunk', 179)
   slowstep ('UART._rx_level', 103, 'ms at', 22307, 'chunk', 179)
   slowstep ('UARTLink._advance', 127, 'ms at', 22478, 'chunk', 179)
   slowstep ('UARTLink._advance', 103, 'ms at', 22581, 'chunk', 179)
   slowstep ('UART._rx_level', 231, 'ms at', 22581, 'chunk', 179)
   slowstep ('UARTLink._advance', 265, 'ms at', 22923, 'chunk', 180)
   slowstep ('UART._rx_level', 265, 'ms at', 22923, 'chunk', 180)
   slowstep ('UARTLink._advance', 177, 'ms at', 23165, 'chunk', 180)
   slowstep ('UART._rx_level', 178, 'ms at', 23166, 'chunk', 180)
   slowstep ('UARTLink._advance', 36, 'ms at', 23263, 'chunk', 181)
   slowstep ('UART._rx_level', 36, 'ms at', 23263, 'chunk', 181)
   slowstep ('UARTLink._advance', 49, 'ms at', 23565, 'chunk', 184)
   slowstep ('UART._rx_level', 50, 'ms at', 23565, 'chunk', 184)
   slowstep ('UART._rx_level', 30, 'ms at', 23628, 'chunk', 184)
   slowstep ('UART._rx_level', 43, 'ms at', 23692, 'chunk', 185)
   slowstep ('UART._rx_level', 46, 'ms at', 23893, 'chunk', 187)
   slowstep ('UART._rx_level', 38, 'ms at', 23935, 'chunk', 187)
   slowstep ('UART._rx_level', 35, 'ms at', 24065, 'chunk', 189)
   slowstep ('UART._rx_level', 37, 'ms at', 24111, 'chunk', 189)
   slowstep ('UART._rx_level', 36, 'ms at', 24261, 'chunk', 191)
   slowstep ('UART._rx_level', 45, 'ms at', 24332, 'chunk', 191)
   slowstep ('UART._rx_level', 33, 'ms at', 24388, 'chunk', 192)
   slowstep ('UART._rx_level', 37, 'ms at', 24515, 'chunk', 193)
   slowstep ('UART._rx_level', 42, 'ms at', 24620, 'chunk', 194)
   slowstep ('UART._rx_level', 40, 'ms at', 24679, 'chunk', 194)
   slowstep ('UART._rx_level', 42, 'ms at', 24743, 'chunk', 195)
   slowstep ('UARTLink._advance', 36, 'ms at', 24868, 'chunk', 196)
   slowstep ('UART._rx_level', 55, 'ms at', 24868, 'chunk', 196)
   slowstep ('UART._rx_level', 33, 'ms at', 24924, 'chunk', 196)
   slowstep ('UARTLink._advance', 51, 'ms at', 25021, 'chunk', 197)
   slowstep ('UART._rx_level', 71, 'ms at', 25021, 'chunk', 197)
   slowstep ('UART._rx_level', 34, 'ms at', 25320, 'chunk', 200)
   slowstep ('UART._rx_level', 35, 'ms at', 25422, 'chunk', 201)
   slowstep ('UART._rx_level', 30, 'ms at', 25468, 'chunk', 201)
   slowstep ('UART._rx_level', 30, 'ms at', 25588, 'chunk', 203)
   slowstep ('UART._rx_level', 31, 'ms at', 25725, 'chunk', 205)
   slowstep ('UART._rx_level', 38, 'ms at', 25769, 'chunk', 205)
   slowstep ('UARTLink._advance', 32, 'ms at', 25817, 'chunk', 206)
   slowstep ('UART._rx_level', 38, 'ms at', 25824, 'chunk', 206)
   slowstep ('UART._rx_level', 31, 'ms at', 26068, 'chunk', 209)
   slowstep ('UART._rx_level', 34, 'ms at', 26157, 'chunk', 210)
   slowstep ('UART._rx_level', 30, 'ms at', 26203, 'chunk', 210)
   slowstep ('UART._rx_level', 31, 'ms at', 26278, 'chunk', 211)
   slowstep ('UARTLink._advance', 55, 'ms at', 26403, 'chunk', 212)
   slowstep ('UART._rx_level', 55, 'ms at', 26403, 'chunk', 212)
   slowstep ('UART._rx_level', 30, 'ms at', 26519, 'chunk', 214)
   slowstep ('UART._rx_level', 34, 'ms at', 26751, 'chunk', 217)
   slowstep ('UARTLink._advance', 32, 'ms at', 26860, 'chunk', 218)
   slowstep ('UART._rx_level', 32, 'ms at', 26860, 'chunk', 218)
   slowstep ('UARTLink._advance', 32, 'ms at', 26945, 'chunk', 219)
   slowstep ('UART._rx_level', 33, 'ms at', 26946, 'chunk', 219)
   slowstep ('UARTLink._advance', 32, 'ms at', 26996, 'chunk', 219)
   slowstep ('UART._rx_level', 32, 'ms at', 26996, 'chunk', 219)
   slowstep ('UART._rx_level', 32, 'ms at', 27041, 'chunk', 220)
   slowstep ('UART._rx_level', 30, 'ms at', 27092, 'chunk', 220)
   slowstep ('UART._rx_level', 38, 'ms at', 27189, 'chunk', 221)
   slowstep ('UART._rx_level', 30, 'ms at', 27232, 'chunk', 222)
   slowstep ('UART._rx_level', 30, 'ms at', 27314, 'chunk', 223)
   slowstep ('UART._rx_level', 44, 'ms at', 27442, 'chunk', 224)
   slowstep ('UART._rx_level', 43, 'ms at', 27523, 'chunk', 225)
   slowstep ('UARTLink._advance', 35, 'ms at', 27583, 'chunk', 225)
   slowstep ('UART._rx_level', 35, 'ms at', 27583, 'chunk', 225)
   slowstep ('UART._rx_level', 34, 'ms at', 27876, 'chunk', 230)
   slowstep ('UART._rx_level', 38, 'ms at', 28011, 'chunk', 231)
   slowstep ('UART._rx_level', 31, 'ms at', 28149, 'chunk', 233)
   slowstep ('UART._rx_level', 41, 'ms at', 28211, 'chunk', 233)
   slowstep ('UARTLink._advance', 30, 'ms at', 28263, 'chunk', 234)
   slowstep ('UART._rx_level', 30, 'ms at', 28263, 'chunk', 234)
   slowstep ('UART._rx_level', 41, 'ms at', 28358, 'chunk', 235)
   slowstep ('UART._rx_level', 33, 'ms at', 28408, 'chunk', 235)
   slowstep ('UART._rx_level', 38, 'ms at', 28549, 'chunk', 237)
   slowstep ('UARTLink._advance', 30, 'ms at', 28695, 'chunk', 238)
   slowstep ('UART._rx_level', 45, 'ms at', 28695, 'chunk', 238)
   slowstep ('UARTLink._advance', 87, 'ms at', 28795, 'chunk', 239)
   slowstep ('UART._rx_level', 88, 'ms at', 28796, 'chunk', 239)
   slowstep ('UARTLink._advance', 95, 'ms at', 28941, 'chunk', 239)
   slowstep ('UART._rx_level', 96, 'ms at', 28941, 'chunk', 239)
   slowstep ('UARTLink._advance', 227, 'ms at', 29221, 'chunk', 240)
   slowstep ('UART._rx_level', 227, 'ms at', 29221, 'chunk', 240)
   slowstep ('UARTLink._advance', 88, 'ms at', 29366, 'chunk', 240)
   slowstep ('UARTLink._advance', 52, 'ms at', 29418, 'chunk', 240)
   slowstep ('UART._rx_level', 140, 'ms at', 29418, 'chunk', 240)
   slowstep ('UARTLink._advance', 39, 'ms at', 29515, 'chunk', 241)
   slowstep ('UART._rx_level', 39, 'ms at', 29515, 'chunk', 241)
   slowstep ('UART._rx_level', 31, 'ms at', 29572, 'chunk', 241)
   slowstep ('UART._rx_level', 38, 'ms at', 29704, 'chunk', 243)
   slowstep ('UART._rx_level', 37, 'ms at', 29834, 'chunk', 245)
   slowstep ('UARTLink._advance', 30, 'ms at', 29959, 'chunk', 246)
   slowstep ('UART._rx_level', 53, 'ms at', 29983, 'chunk', 246)
   slowstep ('UARTLink._advance', 32, 'ms at', 30036, 'chunk', 247)
   slowstep ('UART._rx_level', 34, 'ms at', 30038, 'chunk', 247)
   slowstep ('UARTLink._advance', 31, 'ms at', 30239, 'chunk', 249)
   slowstep ('UART._rx_level', 52, 'ms at', 30239, 'chunk', 249)
   slowstep ('UARTLink._advance', 31, 'ms at', 30338, 'chunk', 250)
   slowstep ('UART._rx_level', 40, 'ms at', 30338, 'chunk', 250)
   slowstep ('UART._rx_level', 33, 'ms at', 30552, 'chunk', 251)
   slowstep ('UART._rx_level', 31, 'ms at', 30798, 'chunk', 254)
   slowstep ('UART._rx_level', 35, 'ms at', 30910, 'chunk', 255)
   long ('uart_set start', 'mem_free', 13962048)
   long ('init', 1566, True, 'mem_free before/after', 13935648, 13678560, 'chunk', 1, 't_since_set', 1681)
   long ('resp', 1434, True, 'mem_free before/after', 13781024, 13529152, 'chunk', 2, 't_since_set', 2442)
   long ('init', 1325, True, 'mem_free before/after', 13652000, 13406496, 'chunk', 2, 't_since_set', 3106)
   long ('resp', 746, True, 'mem_free before/after', 13503488, 13270688, 'chunk', 3, 't_since_set', 3252)
   long ('init', 123, True, 'mem_free before/after', 13380160, 13148576, 'chunk', 3, 't_since_set', 3287)
   long ('resp', 116, True, 'mem_free before/after', 12473792, 12241504, 'chunk', 7, 't_since_set', 3672)
   long ('init', 170, True, 'mem_free before/after', 12351136, 12113792, 'chunk', 7, 't_since_set', 3752)
   long ('resp', 103, True, 'mem_free before/after', 12215968, 11978336, 'chunk', 8, 't_since_set', 3812)
   long ('init', 107, True, 'mem_free before/after', 11829408, 11592864, 'chunk', 9, 't_since_set', 3972)
   long ('resp', 145, True, 'mem_free before/after', 11694816, 11457024, 'chunk', 10, 't_since_set', 4044)
   long ('resp', 119, True, 'mem_free before/after', 10660512, 10428512, 'chunk', 14, 't_since_set', 4435)
   long ('init', 112, True, 'mem_free before/after', 10537824, 10299904, 'chunk', 14, 't_since_set', 4486)
   long ('resp', 103, True, 'mem_free before/after', 10396480, 10164288, 'chunk', 15, 't_since_set', 4563)
   long ('init', 127, True, 'mem_free before/after', 10273568, 10041824, 'chunk', 15, 't_since_set', 4629)
   long ('resp', 125, True, 'mem_free before/after', 10138752, 9906176, 'chunk', 16, 't_since_set', 4692)
   long ('init', 102, True, 'mem_free before/after', 8727872, 8496096, 'chunk', 21, 't_since_set', 5128)
   long ('resp', 119, True, 'mem_free before/after', 8592832, 8360320, 'chunk', 22, 't_since_set', 5201)
   long ('init', 111, True, 'mem_free before/after', 7705920, 7475424, 'chunk', 25, 't_since_set', 5529)
   long ('resp', 104, True, 'mem_free before/after', 7572192, 7339776, 'chunk', 26, 't_since_set', 5592)
   long ('init', 126, True, 'mem_free before/after', 7449088, 7217664, 'chunk', 26, 't_since_set', 5668)
   long ('resp', 136, True, 'mem_free before/after', 7314240, 7080960, 'chunk', 27, 't_since_set', 5752)
   long ('init', 132, True, 'mem_free before/after', 7191328, 6958496, 'chunk', 27, 't_since_set', 5819)
   long ('init', 108, True, 'mem_free before/after', 5902784, 5669856, 'chunk', 32, 't_since_set', 6347)
   long ('resp', 113, True, 'mem_free before/after', 5767104, 5534016, 'chunk', 33, 't_since_set', 6410)
   long ('init', 147, True, 'mem_free before/after', 5643520, 5405024, 'chunk', 33, 't_since_set', 6497)
   long ('resp', 120, True, 'mem_free before/after', 5508480, 5267136, 'chunk', 34, 't_since_set', 6575)
   long ('init', 109, True, 'mem_free before/after', 5376640, 5145024, 'chunk', 34, 't_since_set', 6626)
   long ('init', 117, True, 'mem_free before/after', 4604832, 4372736, 'chunk', 37, 't_since_set', 6937)
   long ('resp', 117, True, 'mem_free before/after', 4470016, 4237120, 'chunk', 38, 't_since_set', 7001)
   long ('init', 104, True, 'mem_free before/after', 4088736, 3858240, 'chunk', 39, 't_since_set', 7165)
   long ('init', 102, True, 'mem_free before/after', 3311936, 3080544, 'chunk', 42, 't_since_set', 7484)
   long ('init', 106, True, 'mem_free before/after', 3054208, 2822624, 'chunk', 43, 't_since_set', 7594)
   long ('resp', 120, True, 'mem_free before/after', 2919392, 2686752, 'chunk', 44, 't_since_set', 7691)
   long ('resp', 108, True, 'mem_free before/after', 14863456, 14624576, 'chunk', 58, 't_since_set', 8514)
   long ('init', 136, True, 'mem_free before/after', 14740576, 14502080, 'chunk', 58, 't_since_set', 8609)
   long ('resp', 284, True, 'mem_free before/after', 14599040, 14366080, 'chunk', 59, 't_since_set', 8818)
   long ('init', 489, True, 'mem_free before/after', 14475744, 14243616, 'chunk', 59, 't_since_set', 9122)
   long ('resp', 560, True, 'mem_free before/after', 14340544, 14107776, 'chunk', 60, 't_since_set', 9432)
   long ('init', 470, True, 'mem_free before/after', 14217280, 13985088, 'chunk', 60, 't_since_set', 9667)
   long ('resp', 247, True, 'mem_free before/after', 14082240, 13849632, 'chunk', 61, 't_since_set', 9732)
   long ('init', 123, True, 'mem_free before/after', 13701408, 13469888, 'chunk', 62, 't_since_set', 9913)
   long ('resp', 108, True, 'mem_free before/after', 13566624, 13334432, 'chunk', 63, 't_since_set', 9987)
   long ('init', 101, True, 'mem_free before/after', 13443552, 13212128, 'chunk', 63, 't_since_set', 10048)
   long ('init', 106, True, 'mem_free before/after', 12414176, 12179456, 'chunk', 67, 't_since_set', 10460)
   long ('resp', 132, True, 'mem_free before/after', 12276384, 12037120, 'chunk', 68, 't_since_set', 10539)
   long ('init', 119, True, 'mem_free before/after', 12153120, 11915008, 'chunk', 68, 't_since_set', 10591)
   long ('resp', 106, True, 'mem_free before/after', 11754240, 11522272, 'chunk', 70, 't_since_set', 10749)
   long ('init', 112, True, 'mem_free before/after', 11631552, 11400000, 'chunk', 70, 't_since_set', 10818)
   long ('resp', 130, True, 'mem_free before/after', 11496736, 11264352, 'chunk', 71, 't_since_set', 10904)
   long ('init', 109, True, 'mem_free before/after', 11373664, 11142240, 'chunk', 71, 't_since_set', 10968)
   long ('resp', 112, True, 'mem_free before/after', 10210880, 9972640, 'chunk', 76, 't_since_set', 11437)
   long ('init', 116, True, 'mem_free before/after', 10088000, 9850368, 'chunk', 76, 't_since_set', 11509)
   long ('resp', 102, True, 'mem_free before/after', 8141632, 7909760, 'chunk', 84, 't_since_set', 12148)
   long ('init', 111, True, 'mem_free before/after', 8018816, 7782304, 'chunk', 84, 't_since_set', 12208)
   long ('init', 104, True, 'mem_free before/after', 3894528, 3663456, 'chunk', 100, 't_since_set', 13439)
   long ('resp', 117, True, 'mem_free before/after', 1441024, 1208960, 'chunk', 110, 't_since_set', 14136)
   long ('init', 123, True, 'mem_free before/after', 1318400, 1086720, 'chunk', 110, 't_since_set', 14192)
   long ('resp', 116, True, 'mem_free before/after', 925824, 693056, 'chunk', 112, 't_since_set', 14391)
   long ('init', 110, True, 'mem_free before/after', 802304, 571008, 'chunk', 112, 't_since_set', 14440)
   long ('resp', 138, True, 'mem_free before/after', 409920, 165280, 'chunk', 114, 't_since_set', 14630)
   long ('init', 132, True, 'mem_free before/after', 280416, 43040, 'chunk', 114, 't_since_set', 14698)
   long ('resp', 135, True, 'mem_free before/after', 139744, 15433952, 'chunk', 115, 't_since_set', 14781)
   long ('init', 108, True, 'mem_free before/after', 16704, 15311904, 'chunk', 115, 't_since_set', 14830)
   long ('resp', 239, True, 'mem_free before/after', 14637920, 14399776, 'chunk', 119, 't_since_set', 15247)
   long ('init', 415, True, 'mem_free before/after', 14515104, 14275936, 'chunk', 119, 't_since_set', 15486)
   long ('resp', 617, True, 'mem_free before/after', 14373728, 14134272, 'chunk', 120, 't_since_set', 15901)
   long ('init', 677, True, 'mem_free before/after', 14249600, 14011840, 'chunk', 120, 't_since_set', 16217)
   long ('resp', 410, True, 'mem_free before/after', 14108736, 13876064, 'chunk', 121, 't_since_set', 16374)
   long ('init', 176, True, 'mem_free before/after', 13985504, 13753824, 'chunk', 121, 't_since_set', 16451)
   long ('resp', 126, True, 'mem_free before/after', 13329248, 13097184, 'chunk', 124, 't_since_set', 16725)
   long ('init', 142, True, 'mem_free before/after', 13206624, 12974944, 'chunk', 124, 't_since_set', 16793)
   long ('resp', 102, True, 'mem_free before/after', 12294272, 12062400, 'chunk', 128, 't_since_set', 17146)
   long ('init', 109, True, 'mem_free before/after', 11397248, 11166176, 'chunk', 131, 't_since_set', 17489)
   long ('resp', 110, True, 'mem_free before/after', 11262880, 11030784, 'chunk', 132, 't_since_set', 17562)
   long ('init', 102, True, 'mem_free before/after', 11139840, 10903136, 'chunk', 132, 't_since_set', 17612)
   long ('resp', 106, True, 'mem_free before/after', 9963264, 9731200, 'chunk', 137, 't_since_set', 17985)
   long ('init', 123, True, 'mem_free before/after', 9840640, 9608960, 'chunk', 137, 't_since_set', 18043)
   long ('init', 110, True, 'mem_free before/after', 9582624, 9346336, 'chunk', 138, 't_since_set', 18156)
   long ('init', 107, True, 'mem_free before/after', 7263904, 7033024, 'chunk', 147, 't_since_set', 18851)
   long ('resp', 132, True, 'mem_free before/after', 7129536, 6897632, 'chunk', 148, 't_since_set', 18908)
   long ('resp', 101, True, 'mem_free before/after', 6100160, 5868480, 'chunk', 152, 't_since_set', 19308)
   long ('resp', 171, True, 'mem_free before/after', 5072096, 4839648, 'chunk', 156, 't_since_set', 19740)
   long ('init', 182, True, 'mem_free before/after', 4949280, 4717600, 'chunk', 156, 't_since_set', 19811)
   long ('resp', 142, True, 'mem_free before/after', 4814112, 4581824, 'chunk', 157, 't_since_set', 19931)
   long ('init', 163, True, 'mem_free before/after', 4691264, 4459776, 'chunk', 157, 't_since_set', 19978)
   long ('resp', 113, True, 'mem_free before/after', 4556288, 4324192, 'chunk', 158, 't_since_set', 20048)
   long ('resp', 131, True, 'mem_free before/after', 3784288, 3552032, 'chunk', 161, 't_since_set', 20400)
   long ('init', 132, True, 'mem_free before/after', 3661472, 3429984, 'chunk', 161, 't_since_set', 20464)
   long ('resp', 104, True, 'mem_free before/after', 3526496, 3294592, 'chunk', 162, 't_since_set', 20526)
   long ('init', 111, True, 'mem_free before/after', 3403648, 3172544, 'chunk', 162, 't_since_set', 20578)
   long ('resp', 122, True, 'mem_free before/after', 3269056, 3030272, 'chunk', 163, 't_since_set', 20652)
   long ('resp', 102, True, 'mem_free before/after', 3004736, 2766976, 'chunk', 164, 't_since_set', 20779)
   long ('init', 103, True, 'mem_free before/after', 2882112, 2644736, 'chunk', 164, 't_since_set', 20829)
   long ('resp', 104, True, 'mem_free before/after', 2483840, 2251776, 'chunk', 166, 't_since_set', 21004)
   long ('init', 115, True, 'mem_free before/after', 2360832, 2129344, 'chunk', 166, 't_since_set', 21062)
   long ('init', 137, True, 'mem_free before/after', 41408, 15300320, 'chunk', 175, 't_since_set', 21932)
   long ('resp', 149, True, 'mem_free before/after', 14626336, 14394080, 'chunk', 179, 't_since_set', 22309)
   long ('init', 398, True, 'mem_free before/after', 14504416, 14271456, 'chunk', 179, 't_since_set', 22600)
   long ('resp', 576, True, 'mem_free before/after', 14368544, 14129184, 'chunk', 180, 't_since_set', 22926)
   long ('init', 510, True, 'mem_free before/after', 14238624, 14006752, 'chunk', 180, 't_since_set', 23181)
   long ('resp', 297, True, 'mem_free before/after', 14103648, 13870976, 'chunk', 181, 't_since_set', 23265)
   long ('init', 106, True, 'mem_free before/after', 13980416, 13748928, 'chunk', 181, 't_since_set', 23317)
   long ('resp', 103, True, 'mem_free before/after', 13331232, 13092864, 'chunk', 184, 't_since_set', 23585)
   long ('init', 130, True, 'mem_free before/after', 13202304, 12970624, 'chunk', 184, 't_since_set', 23630)
   long ('resp', 107, True, 'mem_free before/after', 11525792, 11293920, 'chunk', 191, 't_since_set', 24283)
   long ('init', 110, True, 'mem_free before/after', 11403168, 11171680, 'chunk', 191, 't_since_set', 24334)
   long ('resp', 103, True, 'mem_free before/after', 11268384, 11036096, 'chunk', 192, 't_since_set', 24411)
   long ('resp', 101, True, 'mem_free before/after', 11010560, 10778688, 'chunk', 193, 't_since_set', 24517)
   long ('init', 103, True, 'mem_free before/after', 10625120, 10387360, 'chunk', 194, 't_since_set', 24681)
   long ('resp', 107, True, 'mem_free before/after', 10490560, 10251776, 'chunk', 195, 't_since_set', 24745)
   long ('resp', 107, True, 'mem_free before/after', 10226240, 9994176, 'chunk', 196, 't_since_set', 24870)
   long ('init', 112, True, 'mem_free before/after', 10103616, 9869888, 'chunk', 196, 't_since_set', 24926)
   long ('resp', 132, True, 'mem_free before/after', 9968640, 9734112, 'chunk', 197, 't_since_set', 25047)
   long ('init', 130, True, 'mem_free before/after', 9843552, 9612064, 'chunk', 197, 't_since_set', 25095)
   long ('init', 111, True, 'mem_free before/after', 5974720, 5743456, 'chunk', 212, 't_since_set', 26405)
   long ('resp', 122, True, 'mem_free before/after', 5840352, 5608064, 'chunk', 213, 't_since_set', 26456)
   long ('init', 102, True, 'mem_free before/after', 4946624, 4709248, 'chunk', 216, 't_since_set', 26704)
   long ('resp', 106, True, 'mem_free before/after', 4548352, 4316288, 'chunk', 218, 't_since_set', 26861)
   long ('resp', 127, True, 'mem_free before/after', 2747968, 2515904, 'chunk', 225, 't_since_set', 27524)
   long ('init', 123, True, 'mem_free before/after', 2625152, 2393472, 'chunk', 225, 't_since_set', 27585)
   long ('resp', 149, True, 'mem_free before/after', 14629760, 14390816, 'chunk', 239, 't_since_set', 28798)
   long ('init', 244, True, 'mem_free before/after', 14506752, 14268384, 'chunk', 239, 't_since_set', 28964)
   long ('resp', 408, True, 'mem_free before/after', 14365280, 14132608, 'chunk', 240, 't_since_set', 29236)
   long ('init', 458, True, 'mem_free before/after', 14242048, 14004576, 'chunk', 240, 't_since_set', 29437)
   long ('resp', 240, True, 'mem_free before/after', 14107072, 13868800, 'chunk', 241, 't_since_set', 29517)
   long ('resp', 110, True, 'mem_free before/after', 12551840, 12319392, 'chunk', 247, 't_since_set', 30048)
   long ('init', 101, True, 'mem_free before/after', 12428832, 12191936, 'chunk', 247, 't_since_set', 30104)
   long ('init', 106, True, 'mem_free before/after', 11652128, 11419968, 'chunk', 250, 't_since_set', 30420)
   long ('resp', 107, True, 'mem_free before/after', 11516480, 11283552, 'chunk', 251, 't_since_set', 30513)
   long ('init', 131, True, 'mem_free before/after', 11392608, 11161312, 'chunk', 251, 't_since_set', 30554)
   long ('uart_set end', 30969, 'ms')
test file tests/test_digital_twin_uart_link.py
fails 0 / 3
orig probe exit 0
##### FIXED v2
rep 0 PASS elapsed_ms 30460 polls {'resp': 291, 'init': 286} bounded waits role:[n,max_ms,n>100ms,n_false] {'resp': [255, 1397, 45, 1], 'init': [256, 1405, 52, 1]}
   ticker: n 1009 top gaps (gap_ms, at_ms_since_set): [(736, 39), (679, 838), (654, 1612), (430, 2317), (357, 9795), (307, 16334), (304, 9446), (302, 16670), (252, 27533), (240, 22229), (218, 27816), (213, 22506)]
   slowstep ('UARTLink.transmit', 85, 'ms at', 162, 'chunk', 1)
   slowstep ('UARTLink._advance', 600, 'ms at', 769, 'chunk', 1)
   slowstep ('UART._rx_level', 607, 'ms at', 774, 'chunk', 1)
   slowstep ('UARTLink.transmit', 42, 'ms at', 882, 'chunk', 1)
   slowstep ('UARTLink._advance', 613, 'ms at', 1508, 'chunk', 1)
   slowstep ('UART._rx_level', 615, 'ms at', 1509, 'chunk', 1)
   slowstep ('UARTLink.transmit', 50, 'ms at', 1677, 'chunk', 2)
   slowstep ('UARTLink._advance', 563, 'ms at', 2253, 'chunk', 2)
   slowstep ('UART._rx_level', 577, 'ms at', 2266, 'chunk', 2)
   slowstep ('UARTLink.transmit', 32, 'ms at', 2366, 'chunk', 2)
   slowstep ('UARTLink._advance', 364, 'ms at', 2744, 'chunk', 2)
   slowstep ('UART._rx_level', 365, 'ms at', 2745, 'chunk', 2)
   slowstep ('UARTLink._advance', 50, 'ms at', 2836, 'chunk', 3)
   slowstep ('UART._rx_level', 63, 'ms at', 2849, 'chunk', 3)
   slowstep ('UARTLink._advance', 37, 'ms at', 2927, 'chunk', 4)
   slowstep ('UART._rx_level', 37, 'ms at', 2927, 'chunk', 4)
   slowstep ('UART._rx_level', 34, 'ms at', 2978, 'chunk', 4)
   slowstep ('UART._rx_level', 31, 'ms at', 3183, 'chunk', 7)
   slowstep ('UART._rx_level', 35, 'ms at', 3282, 'chunk', 8)
   slowstep ('UART._rx_level', 38, 'ms at', 3324, 'chunk', 8)
   slowstep ('UARTLink._advance', 30, 'ms at', 3381, 'chunk', 9)
   slowstep ('UART._rx_level', 30, 'ms at', 3381, 'chunk', 9)
   slowstep ('UARTLink._advance', 35, 'ms at', 3490, 'chunk', 10)
   slowstep ('UART._rx_level', 35, 'ms at', 3490, 'chunk', 10)
   slowstep ('UART._rx_level', 30, 'ms at', 3560, 'chunk', 11)
   slowstep ('UART._rx_level', 30, 'ms at', 3603, 'chunk', 11)
   slowstep ('UART._rx_level', 35, 'ms at', 3732, 'chunk', 13)
   slowstep ('UARTLink._advance', 34, 'ms at', 3945, 'chunk', 15)
   slowstep ('UART._rx_level', 34, 'ms at', 3945, 'chunk', 15)
   slowstep ('UARTLink._advance', 31, 'ms at', 4158, 'chunk', 18)
   slowstep ('UART._rx_level', 31, 'ms at', 4158, 'chunk', 18)
   slowstep ('UARTLink._advance', 97, 'ms at', 4353, 'chunk', 19)
   slowstep ('UART._rx_level', 98, 'ms at', 4354, 'chunk', 19)
   slowstep ('UARTLink._advance', 31, 'ms at', 4483, 'chunk', 20)
   slowstep ('UART._rx_level', 31, 'ms at', 4483, 'chunk', 20)
   slowstep ('UART._rx_level', 32, 'ms at', 4522, 'chunk', 21)
   slowstep ('UART._rx_level', 31, 'ms at', 4570, 'chunk', 21)
   slowstep ('UART._rx_level', 31, 'ms at', 4609, 'chunk', 22)
   slowstep ('UARTLink._advance', 62, 'ms at', 4695, 'chunk', 22)
   slowstep ('UART._rx_level', 62, 'ms at', 4695, 'chunk', 22)
   slowstep ('UARTLink._advance', 37, 'ms at', 4762, 'chunk', 23)
   slowstep ('UART._rx_level', 40, 'ms at', 4765, 'chunk', 23)
   slowstep ('UARTLink._advance', 71, 'ms at', 5095, 'chunk', 26)
   slowstep ('UART._rx_level', 72, 'ms at', 5095, 'chunk', 26)
   slowstep ('UARTLink._advance', 40, 'ms at', 5189, 'chunk', 26)
   slowstep ('UART._rx_level', 41, 'ms at', 5190, 'chunk', 26)
   slowstep ('UARTLink._advance', 44, 'ms at', 5250, 'chunk', 27)
   slowstep ('UARTLink._advance', 36, 'ms at', 5287, 'chunk', 27)
   slowstep ('UART._rx_level', 81, 'ms at', 5287, 'chunk', 27)
   slowstep ('UARTLink._advance', 52, 'ms at', 5386, 'chunk', 27)
   slowstep ('UART._rx_level', 52, 'ms at', 5387, 'chunk', 27)
   slowstep ('UART._rx_level', 36, 'ms at', 5453, 'chunk', 28)
   slowstep ('UARTLink._advance', 47, 'ms at', 5554, 'chunk', 28)
   slowstep ('UART._rx_level', 47, 'ms at', 5554, 'chunk', 28)
   slowstep ('UART._rx_level', 54, 'ms at', 5635, 'chunk', 29)
   slowstep ('UARTLink._advance', 30, 'ms at', 5721, 'chunk', 29)
   slowstep ('UART._rx_level', 30, 'ms at', 5721, 'chunk', 29)
   slowstep ('UARTLink._advance', 54, 'ms at', 5834, 'chunk', 30)
   slowstep ('UART._rx_level', 54, 'ms at', 5834, 'chunk', 30)
   slowstep ('UARTLink._advance', 30, 'ms at', 5918, 'chunk', 30)
   slowstep ('UART._rx_level', 54, 'ms at', 5918, 'chunk', 30)
   slowstep ('UARTLink._advance', 36, 'ms at', 6020, 'chunk', 31)
   slowstep ('UART._rx_level', 63, 'ms at', 6020, 'chunk', 31)
   slowstep ('UARTLink._advance', 34, 'ms at', 6087, 'chunk', 31)
   slowstep ('UARTLink._advance', 35, 'ms at', 6123, 'chunk', 31)
   slowstep ('UART._rx_level', 70, 'ms at', 6123, 'chunk', 31)
   slowstep ('UARTLink._advance', 41, 'ms at', 6245, 'chunk', 32)
   slowstep ('UART._rx_level', 68, 'ms at', 6245, 'chunk', 32)
   slowstep ('UART._rx_copy', 34, 'ms at', 6339, 'chunk', 32)
   slowstep ('UART._rx_level', 30, 'ms at', 6392, 'chunk', 33)
   slowstep ('UARTLink._advance', 31, 'ms at', 6613, 'chunk', 34)
   slowstep ('UARTLink._advance', 32, 'ms at', 6646, 'chunk', 34)
   slowstep ('UART._rx_level', 63, 'ms at', 6646, 'chunk', 34)
   slowstep ('UART._rx_level', 35, 'ms at', 6957, 'chunk', 37)
   slowstep ('UART._rx_level', 30, 'ms at', 7052, 'chunk', 38)
   slowstep ('UARTLink._advance', 32, 'ms at', 7136, 'chunk', 39)
   slowstep ('UART._rx_level', 32, 'ms at', 7136, 'chunk', 39)
   slowstep ('UARTLink._advance', 33, 'ms at', 7272, 'chunk', 41)
   slowstep ('UART._rx_level', 34, 'ms at', 7272, 'chunk', 41)
   slowstep ('UARTLink._advance', 31, 'ms at', 7367, 'chunk', 42)
   slowstep ('UART._rx_level', 31, 'ms at', 7367, 'chunk', 42)
   slowstep ('UARTLink._advance', 33, 'ms at', 7425, 'chunk', 42)
   slowstep ('UART._rx_level', 33, 'ms at', 7425, 'chunk', 42)
   slowstep ('UARTLink._advance', 40, 'ms at', 7584, 'chunk', 44)
   slowstep ('UART._rx_level', 40, 'ms at', 7585, 'chunk', 44)
   slowstep ('UARTLink._advance', 38, 'ms at', 7645, 'chunk', 44)
   slowstep ('UART._rx_level', 38, 'ms at', 7645, 'chunk', 44)
   slowstep ('UARTLink._advance', 45, 'ms at', 7729, 'chunk', 45)
   slowstep ('UART._rx_level', 45, 'ms at', 7729, 'chunk', 45)
   slowstep ('UARTLink._advance', 33, 'ms at', 7863, 'chunk', 46)
   slowstep ('UART._rx_level', 33, 'ms at', 7863, 'chunk', 46)
   slowstep ('UARTLink._advance', 42, 'ms at', 7939, 'chunk', 47)
   slowstep ('UART._rx_level', 42, 'ms at', 7939, 'chunk', 47)
   slowstep ('UART._rx_copy', 43, 'ms at', 7994, 'chunk', 47)
   slowstep ('UARTLink._advance', 35, 'ms at', 8063, 'chunk', 47)
   slowstep ('UART._rx_level', 35, 'ms at', 8063, 'chunk', 47)
   slowstep ('UARTLink._advance', 45, 'ms at', 8154, 'chunk', 48)
   slowstep ('UART._rx_level', 56, 'ms at', 8165, 'chunk', 48)
   slowstep ('UARTLink._advance', 39, 'ms at', 8241, 'chunk', 48)
   slowstep ('UART._rx_level', 39, 'ms at', 8241, 'chunk', 48)
   slowstep ('UARTLink._advance', 35, 'ms at', 8306, 'chunk', 49)
   slowstep ('UART._rx_level', 35, 'ms at', 8306, 'chunk', 49)
   slowstep ('UART._rx_level', 32, 'ms at', 8397, 'chunk', 50)
   slowstep ('UART._rx_level', 30, 'ms at', 8489, 'chunk', 51)
   slowstep ('UARTLink._advance', 47, 'ms at', 8595, 'chunk', 52)
   slowstep ('UART._rx_level', 47, 'ms at', 8595, 'chunk', 52)
   slowstep ('UARTLink._advance', 40, 'ms at', 8670, 'chunk', 52)
   slowstep ('UART._rx_level', 40, 'ms at', 8670, 'chunk', 52)
   slowstep ('UARTLink._advance', 33, 'ms at', 8726, 'chunk', 53)
   slowstep ('UART._rx_level', 34, 'ms at', 8726, 'chunk', 53)
   slowstep ('UART._rx_level', 30, 'ms at', 8777, 'chunk', 53)
   slowstep ('UARTLink._advance', 53, 'ms at', 8851, 'chunk', 54)
   slowstep ('UART._rx_level', 53, 'ms at', 8851, 'chunk', 54)
   slowstep ('UARTLink._advance', 30, 'ms at', 9154, 'chunk', 57)
   slowstep ('UART._rx_level', 31, 'ms at', 9154, 'chunk', 57)
   slowstep ('UARTLink._advance', 36, 'ms at', 9215, 'chunk', 57)
   slowstep ('UART._rx_level', 36, 'ms at', 9215, 'chunk', 57)
   slowstep ('UARTLink._advance', 31, 'ms at', 9275, 'chunk', 58)
   slowstep ('UARTLink._advance', 110, 'ms at', 9385, 'chunk', 58)
   slowstep ('UART._rx_level', 142, 'ms at', 9386, 'chunk', 58)
   slowstep ('UARTLink._advance', 253, 'ms at', 9733, 'chunk', 58)
   slowstep ('UART._rx_level', 270, 'ms at', 9749, 'chunk', 58)
   slowstep ('UARTLink._advance', 311, 'ms at', 10143, 'chunk', 59)
   slowstep ('UART._rx_level', 311, 'ms at', 10144, 'chunk', 59)
   slowstep ('UARTLink._advance', 153, 'ms at', 10349, 'chunk', 59)
   slowstep ('UART._rx_level', 153, 'ms at', 10349, 'chunk', 59)
   slowstep ('UARTLink._advance', 32, 'ms at', 10437, 'chunk', 60)
   slowstep ('UART._rx_level', 32, 'ms at', 10437, 'chunk', 60)
   slowstep ('UART._rx_level', 31, 'ms at', 10545, 'chunk', 61)
   slowstep ('UARTLink._advance', 30, 'ms at', 10602, 'chunk', 61)
   slowstep ('UART._rx_level', 30, 'ms at', 10602, 'chunk', 61)
   slowstep ('UARTLink._advance', 38, 'ms at', 10661, 'chunk', 62)
   slowstep ('UART._rx_level', 38, 'ms at', 10661, 'chunk', 62)
   slowstep ('UARTLink._advance', 36, 'ms at', 10716, 'chunk', 62)
   slowstep ('UART._rx_level', 36, 'ms at', 10716, 'chunk', 62)
   slowstep ('UARTLink._advance', 73, 'ms at', 10827, 'chunk', 63)
   slowstep ('UART._rx_level', 76, 'ms at', 10829, 'chunk', 63)
   slowstep ('UART._rx_level', 39, 'ms at', 10897, 'chunk', 63)
   slowstep ('UARTLink._advance', 43, 'ms at', 11025, 'chunk', 65)
   slowstep ('UART._rx_level', 44, 'ms at', 11025, 'chunk', 65)
   slowstep ('UARTLink._advance', 60, 'ms at', 11460, 'chunk', 70)
   slowstep ('UART._rx_level', 60, 'ms at', 11460, 'chunk', 70)
   slowstep ('UARTLink._advance', 31, 'ms at', 11807, 'chunk', 74)
   slowstep ('UART._rx_level', 31, 'ms at', 11807, 'chunk', 74)
   slowstep ('UARTLink._advance', 30, 'ms at', 11904, 'chunk', 75)
   slowstep ('UART._rx_level', 30, 'ms at', 11904, 'chunk', 75)
   slowstep ('UARTLink._advance', 30, 'ms at', 11958, 'chunk', 76)
   slowstep ('UART._rx_level', 30, 'ms at', 11958, 'chunk', 76)
   slowstep ('UARTLink._advance', 36, 'ms at', 12210, 'chunk', 79)
   slowstep ('UART._rx_level', 36, 'ms at', 12210, 'chunk', 79)
   slowstep ('UARTLink._advance', 39, 'ms at', 12421, 'chunk', 81)
   slowstep ('UART._rx_level', 39, 'ms at', 12421, 'chunk', 81)
   slowstep ('UARTLink._advance', 30, 'ms at', 12486, 'chunk', 82)
   slowstep ('UART._rx_level', 30, 'ms at', 12486, 'chunk', 82)
   slowstep ('UART._rx_level', 31, 'ms at', 12830, 'chunk', 86)
   slowstep ('UART._rx_level', 30, 'ms at', 13071, 'chunk', 89)
   slowstep ('UARTLink._advance', 31, 'ms at', 13122, 'chunk', 89)
   slowstep ('UART._rx_level', 31, 'ms at', 13122, 'chunk', 89)
   slowstep ('UART._rx_level', 33, 'ms at', 13219, 'chunk', 90)
   slowstep ('UARTLink._advance', 34, 'ms at', 13460, 'chunk', 92)
   slowstep ('UART._rx_level', 34, 'ms at', 13460, 'chunk', 92)
   slowstep ('UARTLink._advance', 31, 'ms at', 13516, 'chunk', 93)
   slowstep ('UART._rx_level', 31, 'ms at', 13516, 'chunk', 93)
   slowstep ('UART._rx_level', 38, 'ms at', 13571, 'chunk', 93)
   slowstep ('UART._rx_level', 46, 'ms at', 13639, 'chunk', 94)
   slowstep ('UART._rx_level', 35, 'ms at', 13728, 'chunk', 95)
   slowstep ('UART._rx_level', 46, 'ms at', 13883, 'chunk', 96)
   slowstep ('UARTLink._advance', 34, 'ms at', 13950, 'chunk', 97)
   slowstep ('UART._rx_level', 37, 'ms at', 13953, 'chunk', 97)
   slowstep ('UARTLink._advance', 31, 'ms at', 14019, 'chunk', 97)
   slowstep ('UART._rx_level', 31, 'ms at', 14019, 'chunk', 97)
   slowstep ('UARTLink._advance', 39, 'ms at', 14085, 'chunk', 98)
   slowstep ('UART._rx_level', 39, 'ms at', 14085, 'chunk', 98)
   slowstep ('UARTLink._advance', 30, 'ms at', 14140, 'chunk', 98)
   slowstep ('UART._rx_level', 35, 'ms at', 14145, 'chunk', 98)
   slowstep ('UART._rx_level', 32, 'ms at', 14204, 'chunk', 99)
   slowstep ('UARTLink._advance', 32, 'ms at', 14265, 'chunk', 99)
   slowstep ('UART._rx_level', 32, 'ms at', 14265, 'chunk', 99)
   slowstep ('UARTLink._advance', 41, 'ms at', 14380, 'chunk', 100)
   slowstep ('UART._rx_level', 41, 'ms at', 14380, 'chunk', 100)
   slowstep ('UARTLink._advance', 34, 'ms at', 14481, 'chunk', 101)
   slowstep ('UART._rx_level', 34, 'ms at', 14481, 'chunk', 101)
   slowstep ('UARTLink._advance', 30, 'ms at', 14532, 'chunk', 101)
   slowstep ('UART._rx_level', 33, 'ms at', 14536, 'chunk', 101)
   slowstep ('UARTLink._advance', 33, 'ms at', 14592, 'chunk', 102)
   slowstep ('UART._rx_level', 33, 'ms at', 14592, 'chunk', 102)
   slowstep ('UARTLink._advance', 32, 'ms at', 14764, 'chunk', 103)
   slowstep ('UART._rx_level', 32, 'ms at', 14764, 'chunk', 103)
   slowstep ('UARTLink._advance', 38, 'ms at', 14924, 'chunk', 105)
   slowstep ('UART._rx_level', 38, 'ms at', 14924, 'chunk', 105)
   slowstep ('UARTLink._advance', 30, 'ms at', 15366, 'chunk', 110)
   slowstep ('UART._rx_level', 30, 'ms at', 15366, 'chunk', 110)
   slowstep ('UARTLink._advance', 42, 'ms at', 15555, 'chunk', 112)
   slowstep ('UART._rx_level', 42, 'ms at', 15555, 'chunk', 112)
   slowstep ('UARTLink._advance', 37, 'ms at', 15627, 'chunk', 112)
   slowstep ('UART._rx_level', 37, 'ms at', 15627, 'chunk', 112)
   slowstep ('UARTLink._advance', 44, 'ms at', 15713, 'chunk', 113)
   slowstep ('UART._rx_level', 44, 'ms at', 15713, 'chunk', 113)
   slowstep ('UARTLink._advance', 33, 'ms at', 15833, 'chunk', 114)
   slowstep ('UART._rx_level', 35, 'ms at', 15836, 'chunk', 114)
   slowstep ('UART._rx_level', 32, 'ms at', 15892, 'chunk', 114)
   slowstep ('UART._rx_level', 49, 'ms at', 16035, 'chunk', 115)
   slowstep ('UARTLink._advance', 47, 'ms at', 16158, 'chunk', 116)
   slowstep ('UART._rx_level', 47, 'ms at', 16158, 'chunk', 116)
   slowstep ('UARTLink._advance', 35, 'ms at', 16211, 'chunk', 117)
   slowstep ('UARTLink._advance', 80, 'ms at', 16291, 'chunk', 117)
   slowstep ('UART._rx_level', 116, 'ms at', 16291, 'chunk', 117)
   slowstep ('UARTLink._advance', 271, 'ms at', 16624, 'chunk', 117)
   slowstep ('UART._rx_level', 272, 'ms at', 16625, 'chunk', 117)
   slowstep ('UARTLink._advance', 266, 'ms at', 16972, 'chunk', 118)
   slowstep ('UART._rx_level', 267, 'ms at', 16972, 'chunk', 118)
   slowstep ('UARTLink._advance', 134, 'ms at', 17151, 'chunk', 118)
   slowstep ('UART._rx_level', 135, 'ms at', 17151, 'chunk', 118)
   slowstep ('UART._rx_level', 30, 'ms at', 17299, 'chunk', 119)
   slowstep ('UART._rx_level', 31, 'ms at', 17375, 'chunk', 120)
   slowstep ('UARTLink._advance', 108, 'ms at', 17578, 'chunk', 122)
   slowstep ('UART._rx_level', 120, 'ms at', 17578, 'chunk', 122)
   slowstep ('UART._rx_level', 38, 'ms at', 17911, 'chunk', 127)
   slowstep ('UART._rx_level', 37, 'ms at', 18236, 'chunk', 130)
   slowstep ('UART._rx_level', 30, 'ms at', 18319, 'chunk', 131)
   slowstep ('UART._rx_level', 35, 'ms at', 18457, 'chunk', 132)
   slowstep ('UART._rx_level', 30, 'ms at', 19182, 'chunk', 143)
   slowstep ('UART._rx_level', 34, 'ms at', 19703, 'chunk', 150)
   slowstep ('UART._rx_level', 31, 'ms at', 19824, 'chunk', 151)
   slowstep ('UART._rx_level', 38, 'ms at', 19866, 'chunk', 152)
   slowstep ('UART._rx_level', 35, 'ms at', 20464, 'chunk', 159)
   slowstep ('UART._rx_level', 34, 'ms at', 20527, 'chunk', 160)
   slowstep ('UART._rx_level', 30, 'ms at', 20624, 'chunk', 161)
   slowstep ('UART._rx_level', 41, 'ms at', 20690, 'chunk', 161)
   slowstep ('UART._rx_level', 32, 'ms at', 20993, 'chunk', 165)
   slowstep ('UART._rx_level', 33, 'ms at', 21031, 'chunk', 165)
   slowstep ('UART._rx_level', 33, 'ms at', 21274, 'chunk', 168)
   slowstep ('UARTLink._advance', 35, 'ms at', 21326, 'chunk', 169)
   slowstep ('UART._rx_level', 35, 'ms at', 21326, 'chunk', 169)
   slowstep ('UARTLink._advance', 32, 'ms at', 21435, 'chunk', 170)
   slowstep ('UART._rx_level', 32, 'ms at', 21435, 'chunk', 170)
   slowstep ('UART._rx_level', 31, 'ms at', 21528, 'chunk', 171)
   slowstep ('UARTLink._advance', 35, 'ms at', 21622, 'chunk', 172)
   slowstep ('UART._rx_level', 35, 'ms at', 21622, 'chunk', 172)
   slowstep ('UARTLink._advance', 31, 'ms at', 21774, 'chunk', 173)
   slowstep ('UART._rx_level', 31, 'ms at', 21774, 'chunk', 173)
   slowstep ('UARTLink._advance', 33, 'ms at', 22008, 'chunk', 176)
   slowstep ('UART._rx_level', 48, 'ms at', 22008, 'chunk', 176)
   slowstep ('UARTLink._advance', 138, 'ms at', 22193, 'chunk', 176)
   slowstep ('UART._rx_level', 139, 'ms at', 22193, 'chunk', 176)
   slowstep ('UARTLink._advance', 211, 'ms at', 22469, 'chunk', 177)
   slowstep ('UART._rx_level', 212, 'ms at', 22469, 'chunk', 177)
   slowstep ('UARTLink._advance', 180, 'ms at', 22705, 'chunk', 177)
   slowstep ('UART._rx_level', 181, 'ms at', 22705, 'chunk', 177)
   slowstep ('UARTLink._advance', 42, 'ms at', 22795, 'chunk', 178)
   slowstep ('UART._rx_level', 58, 'ms at', 22811, 'chunk', 178)
   slowstep ('UART._rx_level', 34, 'ms at', 22991, 'chunk', 180)
   slowstep ('UARTLink._advance', 47, 'ms at', 23089, 'chunk', 181)
   slowstep ('UART._rx_level', 47, 'ms at', 23089, 'chunk', 181)
   slowstep ('UARTLink._advance', 31, 'ms at', 23150, 'chunk', 181)
   slowstep ('UART._rx_level', 31, 'ms at', 23150, 'chunk', 181)
   slowstep ('UART._rx_level', 42, 'ms at', 23422, 'chunk', 185)
   slowstep ('UART._rx_level', 47, 'ms at', 23600, 'chunk', 187)
   slowstep ('UART._rx_level', 38, 'ms at', 23654, 'chunk', 187)
   slowstep ('UART._rx_level', 35, 'ms at', 23716, 'chunk', 188)
   slowstep ('UART._rx_level', 38, 'ms at', 23828, 'chunk', 189)
   slowstep ('UART._rx_level', 41, 'ms at', 23886, 'chunk', 189)
   slowstep ('UART._rx_level', 33, 'ms at', 23979, 'chunk', 190)
   slowstep ('UART._rx_level', 37, 'ms at', 24571, 'chunk', 201)
   slowstep ('UART._rx_level', 30, 'ms at', 24667, 'chunk', 203)
   slowstep ('UART._rx_level', 30, 'ms at', 25076, 'chunk', 208)
   slowstep ('UART._rx_level', 31, 'ms at', 25352, 'chunk', 211)
   slowstep ('UART._rx_level', 33, 'ms at', 25394, 'chunk', 212)
   slowstep ('UARTLink._advance', 75, 'ms at', 25530, 'chunk', 213)
   slowstep ('UART._rx_level', 75, 'ms at', 25530, 'chunk', 213)
   slowstep ('UARTLink._advance', 30, 'ms at', 25630, 'chunk', 214)
   slowstep ('UART._rx_level', 30, 'ms at', 25630, 'chunk', 214)
   slowstep ('UART._rx_level', 30, 'ms at', 25795, 'chunk', 216)
   slowstep ('UART._rx_level', 41, 'ms at', 25883, 'chunk', 217)
   slowstep ('UARTLink._advance', 31, 'ms at', 25970, 'chunk', 218)
   slowstep ('UART._rx_level', 31, 'ms at', 25970, 'chunk', 218)
   slowstep ('UART._rx_level', 30, 'ms at', 26084, 'chunk', 219)
   slowstep ('UART._rx_level', 30, 'ms at', 26334, 'chunk', 222)
   slowstep ('UART._rx_level', 36, 'ms at', 26422, 'chunk', 223)
   slowstep ('UART._rx_level', 30, 'ms at', 26551, 'chunk', 225)
   slowstep ('UARTLink._advance', 31, 'ms at', 27065, 'chunk', 231)
   slowstep ('UART._rx_level', 31, 'ms at', 27065, 'chunk', 231)
   slowstep ('UARTLink._advance', 87, 'ms at', 27506, 'chunk', 235)
   slowstep ('UART._rx_level', 92, 'ms at', 27511, 'chunk', 235)
   slowstep ('UARTLink._advance', 225, 'ms at', 27781, 'chunk', 236)
   slowstep ('UART._rx_level', 226, 'ms at', 27782, 'chunk', 236)
   slowstep ('UARTLink._advance', 180, 'ms at', 28032, 'chunk', 236)
   slowstep ('UART._rx_level', 182, 'ms at', 28034, 'chunk', 236)
   slowstep ('UARTLink._advance', 39, 'ms at', 28372, 'chunk', 240)
   slowstep ('UART._rx_level', 39, 'ms at', 28372, 'chunk', 240)
   slowstep ('UART._rx_level', 35, 'ms at', 28412, 'chunk', 241)
   slowstep ('UART._rx_level', 31, 'ms at', 28791, 'chunk', 245)
   slowstep ('UART._rx_level', 34, 'ms at', 28880, 'chunk', 246)
   slowstep ('UARTLink._advance', 31, 'ms at', 29103, 'chunk', 249)
   slowstep ('UART._rx_level', 32, 'ms at', 29103, 'chunk', 249)
   slowstep ('UART._rx_level', 41, 'ms at', 29242, 'chunk', 250)
   slowstep ('UART._rx_level', 33, 'ms at', 29395, 'chunk', 252)
   long ('uart_set start', 'mem_free', 14083392)
   long ('init', 1405, True, 'mem_free before/after', 14056032, 13788192, 'chunk', 1, 't_since_set', 1570)
   long ('resp', 1397, True, 'mem_free before/after', 13898656, 13642240, 'chunk', 2, 't_since_set', 2283)
   long ('init', 1062, True, 'mem_free before/after', 13760544, 13511328, 'chunk', 2, 't_since_set', 2757)
   long ('resp', 482, True, 'mem_free before/after', 13615360, 13373344, 'chunk', 3, 't_since_set', 2850)
   long ('resp', 187, True, 'mem_free before/after', 9416384, 9168320, 'chunk', 19, 't_since_set', 4376)
   long ('init', 183, True, 'mem_free before/after', 9285600, 9044032, 'chunk', 19, 't_since_set', 4411)
   long ('init', 119, True, 'mem_free before/after', 8492960, 8258112, 'chunk', 22, 't_since_set', 4702)
   long ('resp', 141, True, 'mem_free before/after', 8356160, 8120096, 'chunk', 23, 't_since_set', 4774)
   long ('init', 106, True, 'mem_free before/after', 8230688, 7995744, 'chunk', 23, 't_since_set', 4829)
   long ('resp', 139, True, 'mem_free before/after', 7570304, 7334848, 'chunk', 26, 't_since_set', 5108)
   long ('init', 177, True, 'mem_free before/after', 7445440, 7210176, 'chunk', 26, 't_since_set', 5198)
   long ('resp', 142, True, 'mem_free before/after', 7308224, 7072000, 'chunk', 27, 't_since_set', 5295)
   long ('init', 183, True, 'mem_free before/after', 7182752, 6947360, 'chunk', 27, 't_since_set', 5388)
   long ('resp', 132, True, 'mem_free before/after', 7045376, 6809536, 'chunk', 28, 't_since_set', 5478)
   long ('init', 139, True, 'mem_free before/after', 6919936, 6684864, 'chunk', 28, 't_since_set', 5556)
   long ('resp', 155, True, 'mem_free before/after', 6782912, 6540544, 'chunk', 29, 't_since_set', 5637)
   long ('init', 142, True, 'mem_free before/after', 6650944, 6415744, 'chunk', 29, 't_since_set', 5747)
   long ('resp', 166, True, 'mem_free before/after', 6513792, 6277760, 'chunk', 30, 't_since_set', 5836)
   long ('init', 169, True, 'mem_free before/after', 6388320, 6153120, 'chunk', 30, 't_since_set', 5920)
   long ('resp', 158, True, 'mem_free before/after', 6251136, 6015104, 'chunk', 31, 't_since_set', 6021)
   long ('init', 170, True, 'mem_free before/after', 6125696, 5883776, 'chunk', 31, 't_since_set', 6152)
   long ('resp', 193, True, 'mem_free before/after', 5988480, 5745792, 'chunk', 32, 't_since_set', 6263)
   long ('init', 129, True, 'mem_free before/after', 5856352, 5621024, 'chunk', 32, 't_since_set', 6305)
   long ('resp', 127, True, 'mem_free before/after', 5719168, 5481984, 'chunk', 33, 't_since_set', 6426)
   long ('init', 130, True, 'mem_free before/after', 5593408, 5350720, 'chunk', 33, 't_since_set', 6491)
   long ('resp', 108, True, 'mem_free before/after', 5454336, 5205760, 'chunk', 34, 't_since_set', 6551)
   long ('init', 132, True, 'mem_free before/after', 5323296, 5080896, 'chunk', 34, 't_since_set', 6659)
   long ('resp', 143, True, 'mem_free before/after', 5179136, 4943296, 'chunk', 35, 't_since_set', 6729)
   long ('init', 101, True, 'mem_free before/after', 3209120, 2973184, 'chunk', 42, 't_since_set', 7433)
   long ('init', 116, True, 'mem_free before/after', 2684288, 2442816, 'chunk', 44, 't_since_set', 7655)
   long ('resp', 128, True, 'mem_free before/after', 2540832, 2304800, 'chunk', 45, 't_since_set', 7732)
   long ('resp', 120, True, 'mem_free before/after', 2016704, 1774944, 'chunk', 47, 't_since_set', 7951)
   long ('init', 178, True, 'mem_free before/after', 1885504, 1649856, 'chunk', 47, 't_since_set', 8065)
   long ('resp', 153, True, 'mem_free before/after', 1747872, 1511840, 'chunk', 48, 't_since_set', 8169)
   long ('init', 145, True, 'mem_free before/after', 1622432, 1387168, 'chunk', 48, 't_since_set', 8251)
   long ('resp', 107, True, 'mem_free before/after', 1485216, 1249152, 'chunk', 49, 't_since_set', 8314)
   long ('init', 127, True, 'mem_free before/after', 568448, 333408, 'chunk', 52, 't_since_set', 8681)
   long ('resp', 111, True, 'mem_free before/after', 431456, 195424, 'chunk', 53, 't_since_set', 8734)
   long ('resp', 107, True, 'mem_free before/after', 168800, 15523872, 'chunk', 54, 't_since_set', 8865)
   long ('init', 124, True, 'mem_free before/after', 43776, 15399584, 'chunk', 54, 't_since_set', 8926)
   long ('resp', 230, True, 'mem_free before/after', 14705856, 14469824, 'chunk', 58, 't_since_set', 9389)
   long ('init', 511, True, 'mem_free before/after', 14580608, 14338656, 'chunk', 58, 't_since_set', 9770)
   long ('resp', 705, True, 'mem_free before/after', 14443200, 14194240, 'chunk', 59, 't_since_set', 10162)
   long ('init', 533, True, 'mem_free before/after', 14311232, 14063648, 'chunk', 59, 't_since_set', 10384)
   long ('resp', 245, True, 'mem_free before/after', 14167616, 13925632, 'chunk', 60, 't_since_set', 10439)
   long ('init', 103, True, 'mem_free before/after', 13511072, 13276096, 'chunk', 62, 't_since_set', 10728)
   long ('resp', 154, True, 'mem_free before/after', 13374112, 13138080, 'chunk', 63, 't_since_set', 10838)
   long ('init', 153, True, 'mem_free before/after', 13248672, 13013600, 'chunk', 63, 't_since_set', 10898)
   long ('resp', 118, True, 'mem_free before/after', 11524928, 11289504, 'chunk', 70, 't_since_set', 11469)
   long ('init', 106, True, 'mem_free before/after', 11400064, 11165248, 'chunk', 70, 't_since_set', 11510)
   long ('init', 104, True, 'mem_free before/after', 8497248, 8249440, 'chunk', 81, 't_since_set', 12433)
   long ('resp', 114, True, 'mem_free before/after', 8354272, 8111488, 'chunk', 82, 't_since_set', 12494)
   long ('init', 107, True, 'mem_free before/after', 5862400, 5628256, 'chunk', 91, 't_since_set', 13354)
   long ('resp', 113, True, 'mem_free before/after', 5725856, 5490688, 'chunk', 92, 't_since_set', 13407)
   long ('init', 105, True, 'mem_free before/after', 5600832, 5366080, 'chunk', 92, 't_since_set', 13467)
   long ('resp', 107, True, 'mem_free before/after', 5201728, 4966400, 'chunk', 94, 't_since_set', 13642)
   long ('init', 111, True, 'mem_free before/after', 4546944, 4312608, 'chunk', 96, 't_since_set', 13885)
   long ('resp', 118, True, 'mem_free before/after', 4410400, 4174656, 'chunk', 97, 't_since_set', 13965)
   long ('init', 107, True, 'mem_free before/after', 4285184, 4050048, 'chunk', 97, 't_since_set', 14025)
   long ('resp', 109, True, 'mem_free before/after', 4148032, 3912096, 'chunk', 98, 't_since_set', 14088)
   long ('init', 104, True, 'mem_free before/after', 4022624, 3787488, 'chunk', 98, 't_since_set', 14157)
   long ('resp', 103, True, 'mem_free before/after', 3885472, 3643296, 'chunk', 99, 't_since_set', 14213)
   long ('resp', 150, True, 'mem_free before/after', 3616672, 3380960, 'chunk', 100, 't_since_set', 14388)
   long ('init', 131, True, 'mem_free before/after', 3491488, 3256736, 'chunk', 100, 't_since_set', 14432)
   long ('resp', 101, True, 'mem_free before/after', 2829760, 2581536, 'chunk', 103, 't_since_set', 14709)
   long ('init', 110, True, 'mem_free before/after', 2699008, 2456928, 'chunk', 103, 't_since_set', 14765)
   long ('init', 119, True, 'mem_free before/after', 307328, 72416, 'chunk', 112, 't_since_set', 15636)
   long ('resp', 145, True, 'mem_free before/after', 170400, 15487968, 'chunk', 113, 't_since_set', 15727)
   long ('init', 127, True, 'mem_free before/after', 44992, 15357248, 'chunk', 113, 't_since_set', 15783)
   long ('resp', 106, True, 'mem_free before/after', 15192896, 14957760, 'chunk', 115, 't_since_set', 15965)
   long ('init', 119, True, 'mem_free before/after', 15067904, 14833344, 'chunk', 115, 't_since_set', 16037)
   long ('init', 104, True, 'mem_free before/after', 14805920, 14571392, 'chunk', 116, 't_since_set', 16160)
   long ('resp', 187, True, 'mem_free before/after', 14669376, 14433248, 'chunk', 117, 't_since_set', 16314)
   long ('init', 468, True, 'mem_free before/after', 14543968, 14302688, 'chunk', 117, 't_since_set', 16644)
   long ('resp', 631, True, 'mem_free before/after', 14406624, 14164736, 'chunk', 118, 't_since_set', 16983)
   long ('init', 448, True, 'mem_free before/after', 14275264, 14040128, 'chunk', 118, 't_since_set', 17153)
   long ('resp', 202, True, 'mem_free before/after', 14138112, 13902560, 'chunk', 119, 't_since_set', 17254)
   long ('init', 118, True, 'mem_free before/after', 14012704, 13778144, 'chunk', 119, 't_since_set', 17301)
   long ('resp', 156, True, 'mem_free before/after', 13346208, 13110880, 'chunk', 122, 't_since_set', 17580)
   long ('init', 140, True, 'mem_free before/after', 13221408, 12986656, 'chunk', 122, 't_since_set', 17598)
   long ('init', 107, True, 'mem_free before/after', 11901408, 11667072, 'chunk', 127, 't_since_set', 17979)
   long ('init', 102, True, 'mem_free before/after', 107648, 15405408, 'chunk', 172, 't_since_set', 21680)
   long ('init', 249, True, 'mem_free before/after', 14581120, 14340256, 'chunk', 176, 't_since_set', 22208)
   long ('resp', 435, True, 'mem_free before/after', 14444192, 14194976, 'chunk', 177, 't_since_set', 22477)
   long ('init', 464, True, 'mem_free before/after', 14312832, 14064416, 'chunk', 177, 't_since_set', 22721)
   long ('resp', 289, True, 'mem_free before/after', 14168352, 13926464, 'chunk', 178, 't_since_set', 22812)
   long ('init', 106, True, 'mem_free before/after', 14036992, 13802240, 'chunk', 178, 't_since_set', 22867)
   long ('init', 110, True, 'mem_free before/after', 13252832, 13017920, 'chunk', 181, 't_since_set', 23152)
   long ('init', 103, True, 'mem_free before/after', 11675584, 11441056, 'chunk', 187, 't_since_set', 23661)
   long ('resp', 102, True, 'mem_free before/after', 11538848, 11303296, 'chunk', 188, 't_since_set', 23732)
   long ('resp', 133, True, 'mem_free before/after', 4985312, 4750880, 'chunk', 213, 't_since_set', 25532)
   long ('init', 120, True, 'mem_free before/after', 4861408, 4626656, 'chunk', 213, 't_since_set', 25579)
   long ('init', 106, True, 'mem_free before/after', 137376, 15424160, 'chunk', 231, 't_since_set', 27131)
   long ('init', 145, True, 'mem_free before/after', 14599840, 14365312, 'chunk', 235, 't_since_set', 27520)
   long ('resp', 373, True, 'mem_free before/after', 14463296, 14220928, 'chunk', 236, 't_since_set', 27796)
   long ('init', 491, True, 'mem_free before/after', 14337888, 14089824, 'chunk', 236, 't_since_set', 28045)
   long ('resp', 240, True, 'mem_free before/after', 14194304, 13952256, 'chunk', 237, 't_since_set', 28088)
   long ('uart_set end', 29632, 'ms')
rep 1 PASS elapsed_ms 28289 polls {'resp': 277, 'init': 272} bounded waits role:[n,max_ms,n>100ms,n_false] {'resp': [255, 1393, 40, 1], 'init': [256, 1637, 33, 1]}
   ticker: n 995 top gaps (gap_ms, at_ms_since_set): [(896, 42), (726, 1012), (622, 1799), (482, 2509), (382, 19991), (316, 8402), (237, 19722), (237, 14362), (224, 25459), (202, 25236), (200, 14634), (197, 8763)]
   slowstep ('UARTLink.transmit', 60, 'ms at', 117, 'chunk', 1)
   slowstep ('UARTLink._advance', 799, 'ms at', 937, 'chunk', 1)
   slowstep ('UART._rx_level', 818, 'ms at', 938, 'chunk', 1)
   slowstep ('UARTLink.transmit', 54, 'ms at', 1068, 'chunk', 1)
   slowstep ('UARTLink._advance', 650, 'ms at', 1722, 'chunk', 1)
   slowstep ('UART._rx_level', 652, 'ms at', 1723, 'chunk', 1)
   slowstep ('UARTLink.transmit', 43, 'ms at', 1858, 'chunk', 2)
   slowstep ('UARTLink._advance', 552, 'ms at', 2412, 'chunk', 2)
   slowstep ('UART._rx_level', 561, 'ms at', 2421, 'chunk', 2)
   slowstep ('UARTLink.transmit', 31, 'ms at', 2542, 'chunk', 2)
   slowstep ('UARTLink._advance', 431, 'ms at', 2976, 'chunk', 2)
   slowstep ('UART._rx_level', 445, 'ms at', 2989, 'chunk', 2)
   slowstep ('UART._rx_level', 37, 'ms at', 3132, 'chunk', 3)
   slowstep ('UARTLink._advance', 31, 'ms at', 3201, 'chunk', 4)
   slowstep ('UART._rx_level', 31, 'ms at', 3201, 'chunk', 4)
   slowstep ('UART._rx_level', 38, 'ms at', 3263, 'chunk', 4)
   slowstep ('UART._rx_level', 38, 'ms at', 3354, 'chunk', 5)
   slowstep ('UARTLink._advance', 32, 'ms at', 3407, 'chunk', 6)
   slowstep ('UART._rx_level', 32, 'ms at', 3407, 'chunk', 6)
   slowstep ('UART._rx_level', 30, 'ms at', 3443, 'chunk', 6)
   slowstep ('UARTLink._advance', 50, 'ms at', 3513, 'chunk', 7)
   slowstep ('UART._rx_level', 50, 'ms at', 3513, 'chunk', 7)
   slowstep ('UARTLink._advance', 45, 'ms at', 3607, 'chunk', 7)
   slowstep ('UART._rx_level', 45, 'ms at', 3607, 'chunk', 7)
   slowstep ('UART._rx_level', 30, 'ms at', 3741, 'chunk', 8)
   slowstep ('UART._rx_level', 31, 'ms at', 3789, 'chunk', 9)
   slowstep ('UART._rx_level', 34, 'ms at', 3874, 'chunk', 10)
   slowstep ('UART._rx_level', 30, 'ms at', 4005, 'chunk', 11)
   slowstep ('UART._rx_level', 39, 'ms at', 4297, 'chunk', 15)
   slowstep ('UART._rx_level', 31, 'ms at', 4463, 'chunk', 17)
   slowstep ('UART._rx_level', 30, 'ms at', 4558, 'chunk', 18)
   slowstep ('UARTLink._advance', 32, 'ms at', 4749, 'chunk', 20)
   slowstep ('UART._rx_level', 48, 'ms at', 4749, 'chunk', 20)
   slowstep ('UARTLink._advance', 31, 'ms at', 4842, 'chunk', 21)
   slowstep ('UART._rx_level', 31, 'ms at', 4842, 'chunk', 21)
   slowstep ('UARTLink._advance', 31, 'ms at', 4933, 'chunk', 22)
   slowstep ('UART._rx_level', 31, 'ms at', 4933, 'chunk', 22)
   slowstep ('UART._rx_level', 32, 'ms at', 5012, 'chunk', 23)
   slowstep ('UARTLink._advance', 32, 'ms at', 5418, 'chunk', 28)
   slowstep ('UART._rx_level', 32, 'ms at', 5419, 'chunk', 28)
   slowstep ('UARTLink._advance', 32, 'ms at', 5477, 'chunk', 29)
   slowstep ('UART._rx_level', 32, 'ms at', 5477, 'chunk', 29)
   slowstep ('UART._rx_level', 30, 'ms at', 5558, 'chunk', 30)
   slowstep ('UART._rx_level', 48, 'ms at', 5653, 'chunk', 31)
   slowstep ('UART._rx_level', 33, 'ms at', 5741, 'chunk', 32)
   slowstep ('UART._rx_level', 30, 'ms at', 5826, 'chunk', 33)
   slowstep ('UART._rx_level', 38, 'ms at', 6050, 'chunk', 35)
   slowstep ('UART._rx_level', 31, 'ms at', 6171, 'chunk', 37)
   slowstep ('UART._rx_level', 31, 'ms at', 6218, 'chunk', 37)
   slowstep ('UART._rx_level', 47, 'ms at', 6407, 'chunk', 39)
   slowstep ('UART._rx_level', 30, 'ms at', 6658, 'chunk', 42)
   slowstep ('UART._rx_level', 32, 'ms at', 6793, 'chunk', 44)
   slowstep ('UART._rx_level', 42, 'ms at', 6898, 'chunk', 45)
   slowstep ('UART._rx_level', 38, 'ms at', 6950, 'chunk', 45)
   slowstep ('UARTLink._advance', 42, 'ms at', 7019, 'chunk', 46)
   slowstep ('UART._rx_level', 42, 'ms at', 7019, 'chunk', 46)
   slowstep ('UART._rx_level', 34, 'ms at', 7071, 'chunk', 46)
   slowstep ('UARTLink._advance', 31, 'ms at', 7130, 'chunk', 47)
   slowstep ('UART._rx_level', 31, 'ms at', 7130, 'chunk', 47)
   slowstep ('UARTLink._advance', 35, 'ms at', 7186, 'chunk', 47)
   slowstep ('UART._rx_level', 35, 'ms at', 7186, 'chunk', 47)
   slowstep ('UARTLink._advance', 30, 'ms at', 7238, 'chunk', 48)
   slowstep ('UART._rx_level', 50, 'ms at', 7258, 'chunk', 48)
   slowstep ('UART._rx_level', 30, 'ms at', 7367, 'chunk', 49)
   slowstep ('UART._rx_level', 38, 'ms at', 7430, 'chunk', 49)
   slowstep ('UART._rx_level', 45, 'ms at', 7490, 'chunk', 50)
   slowstep ('UARTLink._advance', 31, 'ms at', 7539, 'chunk', 50)
   slowstep ('UART._rx_level', 33, 'ms at', 7539, 'chunk', 50)
   slowstep ('UART._rx_level', 30, 'ms at', 7587, 'chunk', 51)
   slowstep ('UART._rx_level', 41, 'ms at', 7653, 'chunk', 51)
   slowstep ('UART._rx_level', 35, 'ms at', 7744, 'chunk', 52)
   slowstep ('UART._rx_level', 39, 'ms at', 7803, 'chunk', 53)
   slowstep ('UART._rx_level', 33, 'ms at', 7962, 'chunk', 54)
   slowstep ('UART._rx_level', 30, 'ms at', 8018, 'chunk', 55)
   slowstep ('UART._rx_level', 31, 'ms at', 8179, 'chunk', 57)
   slowstep ('UART._rx_level', 38, 'ms at', 8222, 'chunk', 57)
   slowstep ('UARTLink._advance', 106, 'ms at', 8351, 'chunk', 58)
   slowstep ('UART._rx_level', 106, 'ms at', 8352, 'chunk', 58)
   slowstep ('UARTLink._advance', 268, 'ms at', 8696, 'chunk', 58)
   slowstep ('UART._rx_level', 289, 'ms at', 8717, 'chunk', 58)
   slowstep ('UARTLink._advance', 132, 'ms at', 8921, 'chunk', 59)
   slowstep ('UARTLink._advance', 38, 'ms at', 8959, 'chunk', 59)
   slowstep ('UART._rx_level', 171, 'ms at', 8959, 'chunk', 59)
   slowstep ('UART._rx_level', 38, 'ms at', 9046, 'chunk', 59)
   slowstep ('UART._rx_level', 31, 'ms at', 9099, 'chunk', 60)
   slowstep ('UART._rx_level', 33, 'ms at', 9153, 'chunk', 60)
   slowstep ('UARTLink.transmit', 32, 'ms at', 9225, 'chunk', 61)
   slowstep ('UART._rx_level', 41, 'ms at', 9385, 'chunk', 62)
   slowstep ('UART._rx_level', 38, 'ms at', 9445, 'chunk', 63)
   slowstep ('UART._rx_level', 39, 'ms at', 9495, 'chunk', 63)
   slowstep ('UART._rx_level', 33, 'ms at', 9541, 'chunk', 64)
   slowstep ('UART._rx_level', 38, 'ms at', 9750, 'chunk', 66)
   slowstep ('UARTLink._advance', 51, 'ms at', 9885, 'chunk', 67)
   slowstep ('UART._rx_level', 51, 'ms at', 9885, 'chunk', 67)
   slowstep ('UARTLink._advance', 44, 'ms at', 9949, 'chunk', 67)
   slowstep ('UART._rx_level', 44, 'ms at', 9949, 'chunk', 67)
   slowstep ('UART._rx_level', 38, 'ms at', 10016, 'chunk', 68)
   slowstep ('UART._rx_level', 38, 'ms at', 10130, 'chunk', 69)
   slowstep ('UART._rx_level', 41, 'ms at', 10193, 'chunk', 69)
   slowstep ('UART._rx_level', 49, 'ms at', 10321, 'chunk', 70)
   slowstep ('UART._rx_level', 38, 'ms at', 10381, 'chunk', 71)
   slowstep ('UART._rx_level', 34, 'ms at', 10530, 'chunk', 72)
   slowstep ('UART._rx_level', 34, 'ms at', 10677, 'chunk', 74)
   slowstep ('UART._rx_level', 55, 'ms at', 10807, 'chunk', 75)
   slowstep ('UART._rx_level', 36, 'ms at', 10856, 'chunk', 75)
   slowstep ('UARTLink._advance', 31, 'ms at', 11046, 'chunk', 78)
   slowstep ('UART._rx_level', 33, 'ms at', 11046, 'chunk', 78)
   slowstep ('UART._rx_level', 33, 'ms at', 11097, 'chunk', 78)
   slowstep ('UARTLink._advance', 76, 'ms at', 11202, 'chunk', 79)
   slowstep ('UART._rx_level', 76, 'ms at', 11203, 'chunk', 79)
   slowstep ('UART._rx_level', 33, 'ms at', 11721, 'chunk', 86)
   slowstep ('UART._rx_level', 31, 'ms at', 11935, 'chunk', 89)
   slowstep ('UART._rx_level', 34, 'ms at', 11987, 'chunk', 89)
   slowstep ('UART._rx_level', 32, 'ms at', 12038, 'chunk', 90)
   slowstep ('UART._rx_level', 30, 'ms at', 12214, 'chunk', 92)
   slowstep ('UARTLink._advance', 33, 'ms at', 12384, 'chunk', 94)
   slowstep ('UART._rx_level', 33, 'ms at', 12384, 'chunk', 94)
   slowstep ('UARTLink._advance', 34, 'ms at', 13056, 'chunk', 105)
   slowstep ('UART._rx_level', 35, 'ms at', 13057, 'chunk', 105)
   slowstep ('UART._rx_level', 45, 'ms at', 13122, 'chunk', 105)
   slowstep ('UART._rx_level', 34, 'ms at', 13178, 'chunk', 106)
   slowstep ('UART._rx_level', 30, 'ms at', 13241, 'chunk', 106)
   slowstep ('UARTLink._advance', 31, 'ms at', 13375, 'chunk', 108)
   slowstep ('UART._rx_level', 33, 'ms at', 13375, 'chunk', 108)
   slowstep ('UART._rx_level', 38, 'ms at', 13431, 'chunk', 108)
   slowstep ('UARTLink._advance', 34, 'ms at', 13753, 'chunk', 111)
   slowstep ('UART._rx_level', 34, 'ms at', 13753, 'chunk', 111)
   slowstep ('UART._rx_level', 30, 'ms at', 13809, 'chunk', 112)
   slowstep ('UARTLink._advance', 35, 'ms at', 13891, 'chunk', 113)
   slowstep ('UART._rx_level', 51, 'ms at', 13907, 'chunk', 113)
   slowstep ('UART._rx_level', 33, 'ms at', 13964, 'chunk', 113)
   slowstep ('UART._rx_level', 33, 'ms at', 14053, 'chunk', 114)
   slowstep ('UARTLink._advance', 33, 'ms at', 14264, 'chunk', 117)
   slowstep ('UARTLink._advance', 59, 'ms at', 14336, 'chunk', 117)
   slowstep ('UART._rx_level', 104, 'ms at', 14336, 'chunk', 117)
   slowstep ('UARTLink._advance', 130, 'ms at', 14518, 'chunk', 117)
   slowstep ('UARTLink._advance', 80, 'ms at', 14599, 'chunk', 117)
   slowstep ('UART._rx_level', 211, 'ms at', 14599, 'chunk', 117)
   slowstep ('UARTLink._advance', 169, 'ms at', 14833, 'chunk', 118)
   slowstep ('UART._rx_level', 169, 'ms at', 14833, 'chunk', 118)
   slowstep ('UART._rx_level', 31, 'ms at', 14934, 'chunk', 119)
   slowstep ('UARTLink._advance', 42, 'ms at', 15157, 'chunk', 122)
   slowstep ('UART._rx_level', 42, 'ms at', 15157, 'chunk', 122)
   slowstep ('UART._rx_level', 39, 'ms at', 15251, 'chunk', 123)
   slowstep ('UART._rx_level', 32, 'ms at', 15344, 'chunk', 124)
   slowstep ('UART._rx_level', 34, 'ms at', 15402, 'chunk', 124)
   slowstep ('UART._rx_level', 34, 'ms at', 15526, 'chunk', 126)
   slowstep ('UART._rx_level', 34, 'ms at', 15945, 'chunk', 131)
   slowstep ('UART._rx_level', 30, 'ms at', 16134, 'chunk', 133)
   slowstep ('UART._rx_level', 38, 'ms at', 16250, 'chunk', 134)
   slowstep ('UARTLink._advance', 31, 'ms at', 16353, 'chunk', 135)
   slowstep ('UART._rx_level', 31, 'ms at', 16353, 'chunk', 135)
   slowstep ('UART._rx_level', 33, 'ms at', 16538, 'chunk', 137)
   slowstep ('UARTLink._advance', 42, 'ms at', 16600, 'chunk', 138)
   slowstep ('UART._rx_level', 42, 'ms at', 16600, 'chunk', 138)
   slowstep ('UARTLink._advance', 32, 'ms at', 16661, 'chunk', 138)
   slowstep ('UART._rx_level', 34, 'ms at', 16661, 'chunk', 138)
   slowstep ('UARTLink._advance', 46, 'ms at', 16739, 'chunk', 139)
   slowstep ('UART._rx_level', 46, 'ms at', 16739, 'chunk', 139)
   slowstep ('UART._rx_level', 38, 'ms at', 16858, 'chunk', 140)
   slowstep ('UART._rx_level', 34, 'ms at', 16913, 'chunk', 140)
   slowstep ('UART._rx_level', 43, 'ms at', 17015, 'chunk', 141)
   slowstep ('UARTLink._advance', 41, 'ms at', 17091, 'chunk', 142)
   slowstep ('UART._rx_level', 41, 'ms at', 17091, 'chunk', 142)
   slowstep ('UART._rx_level', 42, 'ms at', 17965, 'chunk', 156)
   slowstep ('UART._rx_level', 30, 'ms at', 18017, 'chunk', 156)
   slowstep ('UART._rx_level', 33, 'ms at', 18145, 'chunk', 158)
   slowstep ('UART._rx_level', 34, 'ms at', 18459, 'chunk', 162)
   slowstep ('UART._rx_level', 33, 'ms at', 18509, 'chunk', 162)
   slowstep ('UART._rx_level', 30, 'ms at', 18625, 'chunk', 164)
   slowstep ('UART._rx_level', 31, 'ms at', 18755, 'chunk', 165)
   slowstep ('UART._rx_level', 30, 'ms at', 18802, 'chunk', 166)
   slowstep ('UARTLink._advance', 33, 'ms at', 19363, 'chunk', 173)
   slowstep ('UART._rx_level', 33, 'ms at', 19363, 'chunk', 173)
   slowstep ('UART._rx_level', 41, 'ms at', 19481, 'chunk', 174)
   slowstep ('UART._rx_level', 34, 'ms at', 19533, 'chunk', 175)
   slowstep ('UARTLink._advance', 31, 'ms at', 19579, 'chunk', 175)
   slowstep ('UART._rx_level', 31, 'ms at', 19579, 'chunk', 175)
   slowstep ('UARTLink._advance', 86, 'ms at', 19691, 'chunk', 176)
   slowstep ('UART._rx_level', 99, 'ms at', 19691, 'chunk', 176)
   slowstep ('UARTLink._advance', 219, 'ms at', 19957, 'chunk', 176)
   slowstep ('UART._rx_level', 219, 'ms at', 19957, 'chunk', 176)
   slowstep ('UARTLink._advance', 346, 'ms at', 20373, 'chunk', 177)
   slowstep ('UART._rx_level', 347, 'ms at', 20373, 'chunk', 177)
   slowstep ('UARTLink._advance', 121, 'ms at', 20544, 'chunk', 177)
   slowstep ('UART._rx_level', 131, 'ms at', 20553, 'chunk', 177)
   slowstep ('UARTLink._advance', 33, 'ms at', 20618, 'chunk', 178)
   slowstep ('UART._rx_level', 33, 'ms at', 20618, 'chunk', 178)
   slowstep ('UARTLink._advance', 37, 'ms at', 20880, 'chunk', 181)
   slowstep ('UART._rx_level', 56, 'ms at', 20880, 'chunk', 181)
   slowstep ('UART._rx_level', 33, 'ms at', 20949, 'chunk', 181)
   slowstep ('UART._rx_level', 39, 'ms at', 21014, 'chunk', 182)
   slowstep ('UARTLink._advance', 31, 'ms at', 21075, 'chunk', 182)
   slowstep ('UART._rx_level', 31, 'ms at', 21076, 'chunk', 182)
   slowstep ('UART._rx_level', 36, 'ms at', 21186, 'chunk', 183)
   slowstep ('UART._rx_level', 33, 'ms at', 21437, 'chunk', 186)
   slowstep ('UART._rx_level', 33, 'ms at', 21881, 'chunk', 192)
   slowstep ('UARTLink._advance', 30, 'ms at', 22270, 'chunk', 197)
   slowstep ('UART._rx_level', 54, 'ms at', 22270, 'chunk', 197)
   slowstep ('UART._rx_level', 30, 'ms at', 22318, 'chunk', 197)
   slowstep ('UART._rx_level', 35, 'ms at', 22371, 'chunk', 198)
   slowstep ('UART._rx_level', 31, 'ms at', 22704, 'chunk', 202)
   slowstep ('UART._rx_level', 30, 'ms at', 22761, 'chunk', 202)
   slowstep ('UART._rx_level', 31, 'ms at', 22851, 'chunk', 203)
   slowstep ('UART._rx_level', 33, 'ms at', 22938, 'chunk', 204)
   slowstep ('UARTLink._advance', 30, 'ms at', 23498, 'chunk', 211)
   slowstep ('UART._rx_level', 42, 'ms at', 23510, 'chunk', 211)
   slowstep ('UART._rx_level', 30, 'ms at', 24117, 'chunk', 219)
   slowstep ('UART._rx_level', 32, 'ms at', 24195, 'chunk', 220)
   slowstep ('UART._rx_level', 34, 'ms at', 24446, 'chunk', 223)
   slowstep ('UART._rx_level', 34, 'ms at', 24530, 'chunk', 224)
   slowstep ('UART._rx_level', 34, 'ms at', 24610, 'chunk', 225)
   slowstep ('UART._rx_level', 30, 'ms at', 24810, 'chunk', 227)
   slowstep ('UARTLink._advance', 57, 'ms at', 24872, 'chunk', 228)
   slowstep ('UART._rx_level', 61, 'ms at', 24876, 'chunk', 228)
   slowstep ('UART._rx_level', 38, 'ms at', 25154, 'chunk', 234)
   slowstep ('UARTLink._advance', 55, 'ms at', 25221, 'chunk', 235)
   slowstep ('UART._rx_level', 55, 'ms at', 25222, 'chunk', 235)
   slowstep ('UARTLink._advance', 151, 'ms at', 25416, 'chunk', 235)
   slowstep ('UART._rx_level', 151, 'ms at', 25416, 'chunk', 235)
   slowstep ('UARTLink._advance', 197, 'ms at', 25683, 'chunk', 236)
   slowstep ('UART._rx_level', 197, 'ms at', 25683, 'chunk', 236)
   slowstep ('UARTLink._advance', 105, 'ms at', 25818, 'chunk', 236)
   slowstep ('UART._rx_level', 105, 'ms at', 25818, 'chunk', 236)
   slowstep ('UART._rx_level', 33, 'ms at', 25877, 'chunk', 237)
   slowstep ('UARTLink._advance', 32, 'ms at', 26072, 'chunk', 240)
   slowstep ('UART._rx_level', 35, 'ms at', 26073, 'chunk', 240)
   slowstep ('UART._rx_level', 30, 'ms at', 26317, 'chunk', 243)
   long ('uart_set start', 'mem_free', 13957984)
   long ('init', 1637, True, 'mem_free before/after', 13930624, 13668288, 'chunk', 1, 't_since_set', 1769)
   long ('resp', 1393, True, 'mem_free before/after', 13772352, 13516096, 'chunk', 2, 't_since_set', 2463)
   long ('init', 1134, True, 'mem_free before/after', 13640640, 13385184, 'chunk', 2, 't_since_set', 3009)
   long ('resp', 535, True, 'mem_free before/after', 13489216, 13247584, 'chunk', 3, 't_since_set', 3079)
   long ('resp', 108, True, 'mem_free before/after', 13220928, 12985184, 'chunk', 4, 't_since_set', 3203)
   long ('resp', 103, True, 'mem_free before/after', 12434560, 12198944, 'chunk', 7, 't_since_set', 3515)
   long ('init', 146, True, 'mem_free before/after', 12309536, 12074272, 'chunk', 7, 't_since_set', 3625)
   long ('resp', 150, True, 'mem_free before/after', 12172320, 11936384, 'chunk', 8, 't_since_set', 3690)
   long ('init', 113, True, 'mem_free before/after', 12046848, 11811456, 'chunk', 8, 't_since_set', 3743)
   long ('resp', 113, True, 'mem_free before/after', 9032672, 8796960, 'chunk', 20, 't_since_set', 4751)
   long ('resp', 110, True, 'mem_free before/after', 6672736, 6436896, 'chunk', 29, 't_since_set', 5479)
   long ('resp', 103, True, 'mem_free before/after', 2474784, 2239552, 'chunk', 45, 't_since_set', 6900)
   long ('resp', 109, True, 'mem_free before/after', 2212928, 1977280, 'chunk', 46, 't_since_set', 7032)
   long ('init', 102, True, 'mem_free before/after', 2087872, 1852800, 'chunk', 46, 't_since_set', 7081)
   long ('init', 102, True, 'mem_free before/after', 1825376, 1589504, 'chunk', 47, 't_since_set', 7187)
   long ('resp', 109, True, 'mem_free before/after', 1688416, 1451488, 'chunk', 48, 't_since_set', 7268)
   long ('init', 110, True, 'mem_free before/after', 1562080, 1327072, 'chunk', 48, 't_since_set', 7323)
   long ('resp', 101, True, 'mem_free before/after', 1162848, 920960, 'chunk', 50, 't_since_set', 7492)
   long ('resp', 179, True, 'mem_free before/after', 14613952, 14378304, 'chunk', 58, 't_since_set', 8363)
   long ('init', 484, True, 'mem_free before/after', 14488896, 14247136, 'chunk', 58, 't_since_set', 8734)
   long ('resp', 535, True, 'mem_free before/after', 14351680, 14108064, 'chunk', 59, 't_since_set', 8982)
   long ('init', 259, True, 'mem_free before/after', 14219712, 13983616, 'chunk', 59, 't_since_set', 9047)
   long ('init', 106, True, 'mem_free before/after', 13694336, 13453920, 'chunk', 61, 't_since_set', 9263)
   long ('resp', 104, True, 'mem_free before/after', 13289920, 13054496, 'chunk', 63, 't_since_set', 9447)
   long ('resp', 103, True, 'mem_free before/after', 12766944, 12530880, 'chunk', 65, 't_since_set', 9657)
   long ('init', 102, True, 'mem_free before/after', 12379392, 12140832, 'chunk', 66, 't_since_set', 9814)
   long ('resp', 113, True, 'mem_free before/after', 12238496, 12002848, 'chunk', 67, 't_since_set', 9893)
   long ('init', 134, True, 'mem_free before/after', 12113408, 11878208, 'chunk', 67, 't_since_set', 9951)
   long ('resp', 121, True, 'mem_free before/after', 11976224, 11740384, 'chunk', 68, 't_since_set', 10033)
   long ('init', 102, True, 'mem_free before/after', 11588896, 11355136, 'chunk', 69, 't_since_set', 10194)
   long ('resp', 105, True, 'mem_free before/after', 11452992, 11211104, 'chunk', 70, 't_since_set', 10255)
   long ('init', 108, True, 'mem_free before/after', 11327712, 11086656, 'chunk', 70, 't_since_set', 10323)
   long ('resp', 111, True, 'mem_free before/after', 11184480, 10948576, 'chunk', 71, 't_since_set', 10382)
   long ('resp', 127, True, 'mem_free before/after', 10137216, 9895456, 'chunk', 75, 't_since_set', 10808)
   long ('init', 119, True, 'mem_free before/after', 10005856, 9770976, 'chunk', 75, 't_since_set', 10870)
   long ('resp', 141, True, 'mem_free before/after', 9077312, 8841792, 'chunk', 79, 't_since_set', 11212)
   long ('init', 118, True, 'mem_free before/after', 8952320, 8717568, 'chunk', 79, 't_since_set', 11249)
   long ('init', 105, True, 'mem_free before/after', 2104160, 1869440, 'chunk', 105, 't_since_set', 13124)
   long ('resp', 104, True, 'mem_free before/after', 1967232, 1731680, 'chunk', 106, 't_since_set', 13180)
   long ('resp', 104, True, 'mem_free before/after', 1181792, 946656, 'chunk', 109, 't_since_set', 13496)
   long ('init', 101, True, 'mem_free before/after', 528832, 294304, 'chunk', 111, 't_since_set', 13755)
   long ('init', 110, True, 'mem_free before/after', 5344, 15298592, 'chunk', 113, 't_since_set', 13966)
   long ('resp', 174, True, 'mem_free before/after', 14612640, 14370688, 'chunk', 117, 't_since_set', 14351)
   long ('init', 370, True, 'mem_free before/after', 14487840, 14245888, 'chunk', 117, 't_since_set', 14614)
   long ('resp', 449, True, 'mem_free before/after', 14344064, 14101440, 'chunk', 118, 't_since_set', 14849)
   long ('init', 214, True, 'mem_free before/after', 14218464, 13977216, 'chunk', 118, 't_since_set', 14886)
   long ('resp', 101, True, 'mem_free before/after', 10681760, 10432192, 'chunk', 132, 't_since_set', 16050)
   long ('init', 102, True, 'mem_free before/after', 9757696, 9523168, 'chunk', 135, 't_since_set', 16355)
   long ('resp', 116, True, 'mem_free before/after', 9097856, 8862336, 'chunk', 138, 't_since_set', 16619)
   long ('init', 105, True, 'mem_free before/after', 8972864, 8737728, 'chunk', 138, 't_since_set', 16669)
   long ('resp', 115, True, 'mem_free before/after', 8835712, 8599776, 'chunk', 139, 't_since_set', 16753)
   long ('init', 123, True, 'mem_free before/after', 8710304, 8475552, 'chunk', 139, 't_since_set', 16796)
   long ('resp', 104, True, 'mem_free before/after', 8573152, 8331296, 'chunk', 140, 't_since_set', 16860)
   long ('resp', 121, True, 'mem_free before/after', 8043136, 7807616, 'chunk', 142, 't_since_set', 17094)
   long ('init', 110, True, 'mem_free before/after', 4507680, 4274432, 'chunk', 155, 't_since_set', 17902)
   long ('resp', 112, True, 'mem_free before/after', 4372032, 4136672, 'chunk', 156, 't_since_set', 17967)
   long ('resp', 106, True, 'mem_free before/after', 15160640, 14918880, 'chunk', 174, 't_since_set', 19423)
   long ('init', 101, True, 'mem_free before/after', 15035456, 14794464, 'chunk', 174, 't_since_set', 19483)
   long ('resp', 156, True, 'mem_free before/after', 14630304, 14394592, 'chunk', 176, 't_since_set', 19706)
   long ('init', 369, True, 'mem_free before/after', 14505120, 14264032, 'chunk', 176, 't_since_set', 19974)
   long ('resp', 640, True, 'mem_free before/after', 14367968, 14126080, 'chunk', 177, 't_since_set', 20376)
   long ('init', 542, True, 'mem_free before/after', 14236608, 14001472, 'chunk', 177, 't_since_set', 20556)
   long ('resp', 197, True, 'mem_free before/after', 14099456, 13863520, 'chunk', 178, 't_since_set', 20620)
   long ('resp', 113, True, 'mem_free before/after', 13314208, 13072384, 'chunk', 181, 't_since_set', 20895)
   long ('init', 127, True, 'mem_free before/after', 13189408, 12947456, 'chunk', 181, 't_since_set', 20950)
   long ('resp', 101, True, 'mem_free before/after', 13045248, 12809696, 'chunk', 182, 't_since_set', 21016)
   long ('init', 103, True, 'mem_free before/after', 12920032, 12685088, 'chunk', 182, 't_since_set', 21089)
   long ('init', 103, True, 'mem_free before/after', 8988160, 8753440, 'chunk', 197, 't_since_set', 22320)
   long ('resp', 108, True, 'mem_free before/after', 14631648, 14396128, 'chunk', 235, 't_since_set', 25224)
   long ('init', 275, True, 'mem_free before/after', 14506656, 14265568, 'chunk', 235, 't_since_set', 25446)
   long ('resp', 433, True, 'mem_free before/after', 14369504, 14127616, 'chunk', 236, 't_since_set', 25690)
   long ('init', 335, True, 'mem_free before/after', 14238144, 14003008, 'chunk', 236, 't_since_set', 25829)
   long ('resp', 171, True, 'mem_free before/after', 14100992, 13865248, 'chunk', 237, 't_since_set', 25879)
   long ('uart_set end', 27154, 'ms')
rep 2 PASS elapsed_ms 33612 polls {'resp': 281, 'init': 278} bounded waits role:[n,max_ms,n>100ms,n_false] {'resp': [255, 1824, 71, 1], 'init': [256, 1864, 71, 1]}
   ticker: n 1001 top gaps (gap_ms, at_ms_since_set): [(982, 1015), (903, 34), (820, 2061), (457, 2958), (315, 23323), (291, 9916), (285, 16702), (254, 30340), (243, 17044), (227, 30637), (226, 23661), (201, 3470)]
   slowstep ('UARTLink.transmit', 89, 'ms at', 145, 'chunk', 1)
   slowstep ('UARTLink._advance', 765, 'ms at', 921, 'chunk', 1)
   slowstep ('UART._rx_level', 789, 'ms at', 937, 'chunk', 1)
   slowstep ('UARTLink.transmit', 48, 'ms at', 1073, 'chunk', 1)
   slowstep ('UARTLink._advance', 865, 'ms at', 1955, 'chunk', 1)
   slowstep ('UART._rx_level', 875, 'ms at', 1964, 'chunk', 1)
   slowstep ('UARTLink.transmit', 50, 'ms at', 2129, 'chunk', 2)
   slowstep ('UARTLink._advance', 711, 'ms at', 2863, 'chunk', 2)
   slowstep ('UART._rx_level', 728, 'ms at', 2880, 'chunk', 2)
   slowstep ('UARTLink.transmit', 45, 'ms at', 3004, 'chunk', 2)
   slowstep ('UARTLink._advance', 392, 'ms at', 3399, 'chunk', 2)
   slowstep ('UART._rx_level', 406, 'ms at', 3413, 'chunk', 2)
   slowstep ('UARTLink._advance', 153, 'ms at', 3671, 'chunk', 3)
   slowstep ('UART._rx_level', 153, 'ms at', 3671, 'chunk', 3)
   slowstep ('UARTLink._advance', 43, 'ms at', 3752, 'chunk', 3)
   slowstep ('UART._rx_level', 43, 'ms at', 3753, 'chunk', 3)
   slowstep ('UART._rx_level', 43, 'ms at', 3821, 'chunk', 4)
   slowstep ('UART._rx_level', 42, 'ms at', 3886, 'chunk', 4)
   slowstep ('UARTLink._advance', 30, 'ms at', 3963, 'chunk', 5)
   slowstep ('UART._rx_level', 30, 'ms at', 3963, 'chunk', 5)
   slowstep ('UARTLink._advance', 33, 'ms at', 4044, 'chunk', 5)
   slowstep ('UART._rx_level', 33, 'ms at', 4045, 'chunk', 5)
   slowstep ('UARTLink._advance', 31, 'ms at', 4106, 'chunk', 6)
   slowstep ('UART._rx_level', 33, 'ms at', 4106, 'chunk', 6)
   slowstep ('UARTLink._advance', 42, 'ms at', 4235, 'chunk', 7)
   slowstep ('UART._rx_level', 42, 'ms at', 4235, 'chunk', 7)
   slowstep ('UART._rx_level', 42, 'ms at', 4281, 'chunk', 7)
   slowstep ('UART._rx_level', 40, 'ms at', 4343, 'chunk', 8)
   slowstep ('UART._rx_level', 35, 'ms at', 4421, 'chunk', 8)
   slowstep ('UART._rx_level', 31, 'ms at', 4465, 'chunk', 9)
   slowstep ('UARTLink._advance', 38, 'ms at', 4568, 'chunk', 10)
   slowstep ('UART._rx_level', 38, 'ms at', 4568, 'chunk', 10)
   slowstep ('UART._rx_level', 32, 'ms at', 4659, 'chunk', 11)
   slowstep ('UART._rx_level', 30, 'ms at', 4710, 'chunk', 11)
   slowstep ('UART._rx_level', 38, 'ms at', 4768, 'chunk', 12)
   slowstep ('UART._rx_level', 36, 'ms at', 4867, 'chunk', 13)
   slowstep ('UARTLink._advance', 46, 'ms at', 4968, 'chunk', 13)
   slowstep ('UART._rx_level', 46, 'ms at', 4968, 'chunk', 13)
   slowstep ('UART._rx_level', 39, 'ms at', 5029, 'chunk', 14)
   slowstep ('UART._rx_level', 30, 'ms at', 5078, 'chunk', 14)
   slowstep ('UART._rx_level', 47, 'ms at', 5141, 'chunk', 15)
   slowstep ('UARTLink._advance', 37, 'ms at', 5194, 'chunk', 15)
   slowstep ('UART._rx_level', 37, 'ms at', 5194, 'chunk', 15)
   slowstep ('UART._rx_level', 45, 'ms at', 5312, 'chunk', 16)
   slowstep ('UART._rx_level', 41, 'ms at', 5372, 'chunk', 17)
   slowstep ('UART._rx_level', 31, 'ms at', 5426, 'chunk', 17)
   slowstep ('UART._rx_level', 42, 'ms at', 5486, 'chunk', 18)
   slowstep ('UART._rx_level', 34, 'ms at', 5540, 'chunk', 18)
   slowstep ('UARTLink._advance', 32, 'ms at', 5620, 'chunk', 19)
   slowstep ('UART._rx_level', 61, 'ms at', 5620, 'chunk', 19)
   slowstep ('UARTLink._advance', 40, 'ms at', 5700, 'chunk', 19)
   slowstep ('UART._rx_level', 40, 'ms at', 5701, 'chunk', 19)
   slowstep ('UARTLink._advance', 68, 'ms at', 5813, 'chunk', 20)
   slowstep ('UART._rx_level', 68, 'ms at', 5813, 'chunk', 20)
   slowstep ('UARTLink._advance', 53, 'ms at', 5905, 'chunk', 20)
   slowstep ('UART._rx_level', 53, 'ms at', 5905, 'chunk', 20)
   slowstep ('UART._rx_level', 30, 'ms at', 6017, 'chunk', 21)
   slowstep ('UART._rx_level', 36, 'ms at', 6071, 'chunk', 22)
   slowstep ('UART._rx_level', 46, 'ms at', 6137, 'chunk', 22)
   slowstep ('UART._rx_level', 38, 'ms at', 6194, 'chunk', 23)
   slowstep ('UARTLink._advance', 35, 'ms at', 6253, 'chunk', 23)
   slowstep ('UART._rx_level', 35, 'ms at', 6253, 'chunk', 23)
   slowstep ('UART._rx_level', 33, 'ms at', 6311, 'chunk', 24)
   slowstep ('UART._rx_level', 38, 'ms at', 6353, 'chunk', 24)
   slowstep ('UART._rx_level', 30, 'ms at', 6513, 'chunk', 26)
   slowstep ('UARTLink._advance', 31, 'ms at', 6556, 'chunk', 26)
   slowstep ('UART._rx_level', 31, 'ms at', 6556, 'chunk', 26)
   slowstep ('UARTLink._advance', 30, 'ms at', 6688, 'chunk', 27)
   slowstep ('UART._rx_level', 30, 'ms at', 6688, 'chunk', 27)
   slowstep ('UART._rx_level', 36, 'ms at', 6746, 'chunk', 28)
   slowstep ('UART._rx_level', 34, 'ms at', 6865, 'chunk', 29)
   slowstep ('UART._rx_level', 38, 'ms at', 6956, 'chunk', 30)
   slowstep ('UART._rx_level', 31, 'ms at', 7138, 'chunk', 32)
   slowstep ('UART._rx_level', 38, 'ms at', 7245, 'chunk', 33)
   slowstep ('UARTLink._advance', 34, 'ms at', 7576, 'chunk', 37)
   slowstep ('UART._rx_level', 52, 'ms at', 7576, 'chunk', 37)
   slowstep ('UART._rx_level', 49, 'ms at', 7732, 'chunk', 39)
   slowstep ('UART._rx_level', 30, 'ms at', 7864, 'chunk', 40)
   slowstep ('UART._rx_level', 34, 'ms at', 7962, 'chunk', 41)
   slowstep ('UART._rx_level', 34, 'ms at', 8009, 'chunk', 42)
   slowstep ('UART._rx_level', 36, 'ms at', 8107, 'chunk', 43)
   slowstep ('UART._rx_level', 35, 'ms at', 8447, 'chunk', 47)
   slowstep ('UART._rx_level', 32, 'ms at', 8494, 'chunk', 47)
   slowstep ('UARTLink._advance', 34, 'ms at', 8641, 'chunk', 49)
   slowstep ('UART._rx_level', 35, 'ms at', 8641, 'chunk', 49)
   slowstep ('UARTLink._advance', 30, 'ms at', 8692, 'chunk', 49)
   slowstep ('UART._rx_level', 31, 'ms at', 8692, 'chunk', 49)
   slowstep ('UART._rx_level', 37, 'ms at', 8744, 'chunk', 50)
   slowstep ('UARTLink._advance', 30, 'ms at', 8854, 'chunk', 51)
   slowstep ('UART._rx_level', 30, 'ms at', 8854, 'chunk', 51)
   slowstep ('UART._rx_level', 36, 'ms at', 8915, 'chunk', 51)
   slowstep ('UART._rx_level', 35, 'ms at', 8982, 'chunk', 52)
   slowstep ('UART._rx_level', 38, 'ms at', 9044, 'chunk', 52)
   slowstep ('UARTLink._advance', 53, 'ms at', 9166, 'chunk', 53)
   slowstep ('UART._rx_level', 54, 'ms at', 9166, 'chunk', 53)
   slowstep ('UART._rx_level', 42, 'ms at', 9253, 'chunk', 54)
   slowstep ('UART._rx_level', 41, 'ms at', 9424, 'chunk', 55)
   slowstep ('UART._rx_level', 32, 'ms at', 9475, 'chunk', 56)
   slowstep ('UART._rx_level', 45, 'ms at', 9549, 'chunk', 56)
   slowstep ('UARTLink._advance', 43, 'ms at', 9637, 'chunk', 57)
   slowstep ('UART._rx_level', 62, 'ms at', 9637, 'chunk', 57)
   slowstep ('UARTLink._advance', 147, 'ms at', 9870, 'chunk', 58)
   slowstep ('UART._rx_level', 148, 'ms at', 9870, 'chunk', 58)
   slowstep ('UARTLink._advance', 199, 'ms at', 10146, 'chunk', 58)
   slowstep ('UARTLink._advance', 58, 'ms at', 10205, 'chunk', 58)
   slowstep ('UART._rx_level', 258, 'ms at', 10205, 'chunk', 58)
   slowstep ('UARTLink._advance', 168, 'ms at', 10444, 'chunk', 59)
   slowstep ('UART._rx_level', 168, 'ms at', 10444, 'chunk', 59)
   slowstep ('UART._rx_level', 34, 'ms at', 10729, 'chunk', 61)
   slowstep ('UART._rx_level', 37, 'ms at', 10780, 'chunk', 62)
   slowstep ('UART._rx_level', 30, 'ms at', 10829, 'chunk', 62)
   slowstep ('UART._rx_level', 49, 'ms at', 11048, 'chunk', 64)
   slowstep ('UARTLink._advance', 46, 'ms at', 11121, 'chunk', 65)
   slowstep ('UART._rx_level', 46, 'ms at', 11121, 'chunk', 65)
   slowstep ('UART._rx_level', 33, 'ms at', 11180, 'chunk', 65)
   slowstep ('UART._rx_level', 30, 'ms at', 11276, 'chunk', 66)
   slowstep ('UART._rx_level', 37, 'ms at', 11676, 'chunk', 71)
   slowstep ('UARTLink._advance', 32, 'ms at', 11837, 'chunk', 73)
   slowstep ('UART._rx_level', 33, 'ms at', 11837, 'chunk', 73)
   slowstep ('UART._rx_level', 33, 'ms at', 11935, 'chunk', 74)
   slowstep ('UART._rx_level', 41, 'ms at', 11981, 'chunk', 74)
   slowstep ('UART._rx_level', 34, 'ms at', 12033, 'chunk', 75)
   slowstep ('UART._rx_level', 46, 'ms at', 12096, 'chunk', 75)
   slowstep ('UART._rx_level', 36, 'ms at', 12205, 'chunk', 76)
   slowstep ('UART._rx_level', 38, 'ms at', 12265, 'chunk', 77)
   slowstep ('UARTLink._advance', 44, 'ms at', 12372, 'chunk', 78)
   slowstep ('UART._rx_level', 44, 'ms at', 12372, 'chunk', 78)
   slowstep ('UARTLink._advance', 34, 'ms at', 12424, 'chunk', 78)
   slowstep ('UART._rx_level', 34, 'ms at', 12424, 'chunk', 78)
   slowstep ('UARTLink._advance', 36, 'ms at', 12509, 'chunk', 79)
   slowstep ('UART._rx_level', 59, 'ms at', 12509, 'chunk', 79)
   slowstep ('UARTLink._advance', 94, 'ms at', 12656, 'chunk', 79)
   slowstep ('UART._rx_level', 94, 'ms at', 12656, 'chunk', 79)
   slowstep ('UART._rx_level', 44, 'ms at', 12727, 'chunk', 80)
   slowstep ('UARTLink._advance', 47, 'ms at', 12852, 'chunk', 80)
   slowstep ('UART._rx_level', 47, 'ms at', 12852, 'chunk', 80)
   slowstep ('UART._rx_level', 37, 'ms at', 12977, 'chunk', 81)
   slowstep ('UART._rx_level', 34, 'ms at', 13029, 'chunk', 82)
   slowstep ('UART._rx_level', 38, 'ms at', 13137, 'chunk', 83)
   slowstep ('UARTLink._advance', 35, 'ms at', 13284, 'chunk', 84)
   slowstep ('UART._rx_level', 35, 'ms at', 13284, 'chunk', 84)
   slowstep ('UART._rx_level', 35, 'ms at', 13371, 'chunk', 85)
   slowstep ('UART._rx_level', 35, 'ms at', 13411, 'chunk', 86)
   slowstep ('UART._rx_level', 42, 'ms at', 13470, 'chunk', 86)
   slowstep ('UART._rx_level', 42, 'ms at', 13528, 'chunk', 87)
   slowstep ('UART._rx_level', 38, 'ms at', 13625, 'chunk', 88)
   slowstep ('UART._rx_level', 31, 'ms at', 13715, 'chunk', 89)
   slowstep ('UART._rx_level', 35, 'ms at', 13849, 'chunk', 91)
   slowstep ('UART._rx_level', 42, 'ms at', 14110, 'chunk', 94)
   slowstep ('UART._rx_level', 34, 'ms at', 14320, 'chunk', 96)
   slowstep ('UART._rx_level', 35, 'ms at', 14398, 'chunk', 97)
   slowstep ('UART._rx_level', 34, 'ms at', 14448, 'chunk', 97)
   slowstep ('UART._rx_level', 45, 'ms at', 14557, 'chunk', 98)
   slowstep ('UART._rx_level', 30, 'ms at', 14612, 'chunk', 99)
   slowstep ('UART._rx_level', 41, 'ms at', 14676, 'chunk', 99)
   slowstep ('UART._rx_level', 37, 'ms at', 14776, 'chunk', 100)
   slowstep ('UART._rx_level', 33, 'ms at', 14868, 'chunk', 101)
   slowstep ('UARTLink._advance', 34, 'ms at', 14919, 'chunk', 102)
   slowstep ('UART._rx_level', 34, 'ms at', 14919, 'chunk', 102)
   slowstep ('UART._rx_level', 33, 'ms at', 14961, 'chunk', 102)
   slowstep ('UARTLink._advance', 31, 'ms at', 15013, 'chunk', 103)
   slowstep ('UART._rx_level', 31, 'ms at', 15013, 'chunk', 103)
   slowstep ('UARTLink._advance', 31, 'ms at', 15128, 'chunk', 104)
   slowstep ('UART._rx_level', 53, 'ms at', 15128, 'chunk', 104)
   slowstep ('UART._rx_level', 43, 'ms at', 15258, 'chunk', 105)
   slowstep ('UARTLink._advance', 33, 'ms at', 15504, 'chunk', 107)
   slowstep ('UART._rx_level', 53, 'ms at', 15525, 'chunk', 107)
   slowstep ('UARTLink._advance', 34, 'ms at', 15659, 'chunk', 108)
   slowstep ('UART._rx_level', 34, 'ms at', 15659, 'chunk', 108)
   slowstep ('UART._rx_level', 38, 'ms at', 15765, 'chunk', 109)
   slowstep ('UART._rx_level', 43, 'ms at', 15863, 'chunk', 110)
   slowstep ('UART._rx_level', 41, 'ms at', 15920, 'chunk', 110)
   slowstep ('UART._rx_level', 36, 'ms at', 15978, 'chunk', 111)
   slowstep ('UART._rx_level', 41, 'ms at', 16133, 'chunk', 112)
   slowstep ('UART._rx_level', 31, 'ms at', 16250, 'chunk', 113)
   slowstep ('UART._rx_level', 42, 'ms at', 16312, 'chunk', 114)
   slowstep ('UART._rx_level', 30, 'ms at', 16401, 'chunk', 115)
   slowstep ('UARTLink._advance', 46, 'ms at', 16613, 'chunk', 117)
   slowstep ('UARTLink._advance', 64, 'ms at', 16677, 'chunk', 117)
   slowstep ('UART._rx_level', 110, 'ms at', 16677, 'chunk', 117)
   slowstep ('UARTLink._advance', 197, 'ms at', 16913, 'chunk', 117)
   slowstep ('UARTLink._advance', 72, 'ms at', 16986, 'chunk', 117)
   slowstep ('UART._rx_level', 270, 'ms at', 16986, 'chunk', 117)
   slowstep ('UARTLink._advance', 224, 'ms at', 17286, 'chunk', 118)
   slowstep ('UART._rx_level', 224, 'ms at', 17286, 'chunk', 118)
   slowstep ('UARTLink._advance', 108, 'ms at', 17441, 'chunk', 118)
   slowstep ('UART._rx_level', 108, 'ms at', 17441, 'chunk', 118)
   slowstep ('UARTLink._advance', 32, 'ms at', 17491, 'chunk', 119)
   slowstep ('UART._rx_level', 40, 'ms at', 17499, 'chunk', 119)
   slowstep ('UARTLink._advance', 33, 'ms at', 17669, 'chunk', 120)
   slowstep ('UART._rx_level', 33, 'ms at', 17669, 'chunk', 120)
   slowstep ('UART._rx_level', 35, 'ms at', 17763, 'chunk', 121)
   slowstep ('UART._rx_level', 38, 'ms at', 17818, 'chunk', 122)
   slowstep ('UART._rx_level', 31, 'ms at', 18091, 'chunk', 125)
   slowstep ('UART._rx_level', 36, 'ms at', 18302, 'chunk', 127)
   slowstep ('UART._rx_level', 32, 'ms at', 18431, 'chunk', 128)
   slowstep ('UART._rx_level', 30, 'ms at', 18524, 'chunk', 129)
   slowstep ('UARTLink._advance', 37, 'ms at', 18576, 'chunk', 130)
   slowstep ('UART._rx_level', 37, 'ms at', 18577, 'chunk', 130)
   slowstep ('UART._rx_level', 35, 'ms at', 18762, 'chunk', 132)
   slowstep ('UARTLink._advance', 31, 'ms at', 18916, 'chunk', 133)
   slowstep ('UART._rx_level', 53, 'ms at', 18916, 'chunk', 133)
   slowstep ('UARTLink._advance', 47, 'ms at', 18979, 'chunk', 134)
   slowstep ('UART._rx_level', 47, 'ms at', 18979, 'chunk', 134)
   slowstep ('UART._rx_level', 44, 'ms at', 19063, 'chunk', 134)
   slowstep ('UARTLink._advance', 45, 'ms at', 19216, 'chunk', 135)
   slowstep ('UART._rx_level', 45, 'ms at', 19216, 'chunk', 135)
   slowstep ('UART._rx_level', 38, 'ms at', 19397, 'chunk', 137)
   slowstep ('UART._rx_level', 54, 'ms at', 19516, 'chunk', 138)
   slowstep ('UARTLink._advance', 36, 'ms at', 19641, 'chunk', 139)
   slowstep ('UART._rx_level', 36, 'ms at', 19641, 'chunk', 139)
   slowstep ('UART._rx_level', 44, 'ms at', 19746, 'chunk', 140)
   slowstep ('UART._rx_level', 31, 'ms at', 19799, 'chunk', 140)
   slowstep ('UART._rx_level', 43, 'ms at', 19854, 'chunk', 141)
   slowstep ('UART._rx_level', 38, 'ms at', 19917, 'chunk', 141)
   slowstep ('UARTLink._advance', 30, 'ms at', 19976, 'chunk', 142)
   slowstep ('UART._rx_level', 40, 'ms at', 19976, 'chunk', 142)
   slowstep ('UART._rx_level', 31, 'ms at', 20073, 'chunk', 143)
   slowstep ('UARTLink._advance', 33, 'ms at', 20121, 'chunk', 143)
   slowstep ('UART._rx_level', 33, 'ms at', 20121, 'chunk', 143)
   slowstep ('UART._rx_level', 41, 'ms at', 20236, 'chunk', 144)
   slowstep ('UART._rx_level', 41, 'ms at', 20329, 'chunk', 145)
   slowstep ('UART._rx_level', 37, 'ms at', 20382, 'chunk', 146)
   slowstep ('UART._rx_level', 42, 'ms at', 20437, 'chunk', 146)
   slowstep ('UARTLink._advance', 34, 'ms at', 20494, 'chunk', 147)
   slowstep ('UART._rx_level', 34, 'ms at', 20494, 'chunk', 147)
   slowstep ('UART._rx_level', 45, 'ms at', 20561, 'chunk', 147)
   slowstep ('UART._rx_level', 38, 'ms at', 20625, 'chunk', 148)
   slowstep ('UART._rx_level', 38, 'ms at', 20685, 'chunk', 148)
   slowstep ('UARTLink._advance', 30, 'ms at', 20840, 'chunk', 150)
   slowstep ('UART._rx_level', 30, 'ms at', 20840, 'chunk', 150)
   slowstep ('UART._rx_level', 31, 'ms at', 20962, 'chunk', 151)
   slowstep ('UART._rx_level', 32, 'ms at', 21228, 'chunk', 154)
   slowstep ('UART._rx_level', 43, 'ms at', 21402, 'chunk', 156)
   slowstep ('UART._rx_level', 38, 'ms at', 21457, 'chunk', 157)
   slowstep ('UART._rx_level', 38, 'ms at', 21562, 'chunk', 158)
   slowstep ('UART._rx_level', 37, 'ms at', 21612, 'chunk', 158)
   slowstep ('UART._rx_level', 46, 'ms at', 21876, 'chunk', 161)
   slowstep ('UART._rx_level', 30, 'ms at', 22201, 'chunk', 165)
   slowstep ('UART._rx_level', 30, 'ms at', 22365, 'chunk', 167)
   slowstep ('UARTLink._advance', 34, 'ms at', 22529, 'chunk', 169)
   slowstep ('UART._rx_level', 41, 'ms at', 22537, 'chunk', 169)
   slowstep ('UART._rx_level', 39, 'ms at', 22634, 'chunk', 170)
   slowstep ('UARTLink._advance', 31, 'ms at', 23072, 'chunk', 175)
   slowstep ('UART._rx_level', 31, 'ms at', 23072, 'chunk', 175)
   slowstep ('UARTLink._advance', 56, 'ms at', 23188, 'chunk', 176)
   slowstep ('UARTLink._advance', 111, 'ms at', 23300, 'chunk', 176)
   slowstep ('UART._rx_level', 168, 'ms at', 23300, 'chunk', 176)
   slowstep ('UARTLink._advance', 264, 'ms at', 23637, 'chunk', 176)
   slowstep ('UART._rx_level', 264, 'ms at', 23637, 'chunk', 176)
   slowstep ('UARTLink._advance', 150, 'ms at', 23830, 'chunk', 177)
   slowstep ('UARTLink._advance', 56, 'ms at', 23886, 'chunk', 177)
   slowstep ('UART._rx_level', 207, 'ms at', 23886, 'chunk', 177)
   slowstep ('UARTLink._advance', 66, 'ms at', 23986, 'chunk', 177)
   slowstep ('UART._rx_level', 81, 'ms at', 24001, 'chunk', 177)
   slowstep ('UART._rx_level', 54, 'ms at', 24077, 'chunk', 178)
   slowstep ('UART._rx_level', 31, 'ms at', 24322, 'chunk', 180)
   slowstep ('UARTLink._advance', 35, 'ms at', 24632, 'chunk', 184)
   slowstep ('UART._rx_level', 35, 'ms at', 24632, 'chunk', 184)
   slowstep ('UART._rx_level', 54, 'ms at', 24761, 'chunk', 185)
   slowstep ('UARTLink._advance', 44, 'ms at', 24832, 'chunk', 185)
   slowstep ('UART._rx_level', 46, 'ms at', 24832, 'chunk', 185)
   slowstep ('UART._rx_level', 38, 'ms at', 25161, 'chunk', 188)
   slowstep ('UART._rx_level', 31, 'ms at', 25213, 'chunk', 189)
   slowstep ('UARTLink._advance', 30, 'ms at', 25320, 'chunk', 190)
   slowstep ('UART._rx_level', 30, 'ms at', 25321, 'chunk', 190)
   slowstep ('UART._rx_level', 41, 'ms at', 25484, 'chunk', 191)
   slowstep ('UARTLink._advance', 38, 'ms at', 25589, 'chunk', 192)
   slowstep ('UART._rx_level', 58, 'ms at', 25608, 'chunk', 192)
   slowstep ('UARTLink._advance', 35, 'ms at', 25666, 'chunk', 193)
   slowstep ('UART._rx_level', 51, 'ms at', 25682, 'chunk', 193)
   slowstep ('UARTLink._advance', 31, 'ms at', 25748, 'chunk', 193)
   slowstep ('UART._rx_level', 31, 'ms at', 25748, 'chunk', 193)
   slowstep ('UART._rx_level', 50, 'ms at', 25817, 'chunk', 194)
   slowstep ('UART._rx_level', 42, 'ms at', 25874, 'chunk', 194)
   slowstep ('UARTLink._advance', 37, 'ms at', 26216, 'chunk', 197)
   slowstep ('UART._rx_level', 62, 'ms at', 26216, 'chunk', 197)
   slowstep ('UART._rx_level', 40, 'ms at', 26279, 'chunk', 197)
   slowstep ('UARTLink._advance', 38, 'ms at', 26372, 'chunk', 198)
   slowstep ('UART._rx_level', 58, 'ms at', 26372, 'chunk', 198)
   slowstep ('UART._rx_level', 38, 'ms at', 26437, 'chunk', 198)
   slowstep ('UART._rx_level', 38, 'ms at', 26501, 'chunk', 199)
   slowstep ('UART._rx_level', 42, 'ms at', 26609, 'chunk', 200)
   slowstep ('UART._rx_level', 35, 'ms at', 26702, 'chunk', 201)
   slowstep ('UART._rx_level', 36, 'ms at', 26755, 'chunk', 201)
   slowstep ('UART._rx_level', 39, 'ms at', 26799, 'chunk', 202)
   slowstep ('UART._rx_level', 46, 'ms at', 26910, 'chunk', 203)
   slowstep ('UART._rx_level', 34, 'ms at', 27138, 'chunk', 205)
   slowstep ('UART._rx_level', 36, 'ms at', 27190, 'chunk', 205)
   slowstep ('UART._rx_level', 34, 'ms at', 27240, 'chunk', 206)
   slowstep ('UART._rx_level', 37, 'ms at', 27397, 'chunk', 207)
   slowstep ('UART._rx_level', 33, 'ms at', 27531, 'chunk', 209)
   slowstep ('UART._rx_level', 42, 'ms at', 27633, 'chunk', 210)
   slowstep ('UART._rx_level', 42, 'ms at', 27736, 'chunk', 211)
   slowstep ('UART._rx_level', 38, 'ms at', 27821, 'chunk', 212)
   slowstep ('UART._rx_level', 42, 'ms at', 27917, 'chunk', 213)
   slowstep ('UARTLink._advance', 42, 'ms at', 28040, 'chunk', 214)
   slowstep ('UART._rx_level', 42, 'ms at', 28040, 'chunk', 214)
   slowstep ('UART._rx_level', 33, 'ms at', 28095, 'chunk', 214)
   slowstep ('UART._rx_level', 46, 'ms at', 28254, 'chunk', 216)
   slowstep ('UART._rx_level', 34, 'ms at', 28352, 'chunk', 217)
   slowstep ('UART._rx_level', 37, 'ms at', 28455, 'chunk', 218)
   slowstep ('UART._rx_level', 45, 'ms at', 28505, 'chunk', 218)
   slowstep ('UART._rx_level', 45, 'ms at', 28676, 'chunk', 220)
   slowstep ('UART._rx_level', 37, 'ms at', 28936, 'chunk', 222)
   slowstep ('UART._rx_level', 31, 'ms at', 29024, 'chunk', 223)
   slowstep ('UART._rx_level', 34, 'ms at', 29118, 'chunk', 224)
   slowstep ('UART._rx_level', 38, 'ms at', 29232, 'chunk', 226)
   slowstep ('UART._rx_level', 43, 'ms at', 29526, 'chunk', 229)
   slowstep ('UART._rx_level', 43, 'ms at', 29590, 'chunk', 229)
   slowstep ('UARTLink._advance', 66, 'ms at', 29700, 'chunk', 230)
   slowstep ('UART._rx_level', 66, 'ms at', 29700, 'chunk', 230)
   slowstep ('UART._rx_level', 39, 'ms at', 29753, 'chunk', 230)
   slowstep ('UART._rx_level', 30, 'ms at', 29798, 'chunk', 231)
   slowstep ('UART._rx_level', 43, 'ms at', 29857, 'chunk', 231)
   slowstep ('UART._rx_level', 42, 'ms at', 30044, 'chunk', 233)
   slowstep ('UARTLink._advance', 50, 'ms at', 30185, 'chunk', 234)
   slowstep ('UART._rx_level', 78, 'ms at', 30185, 'chunk', 234)
   slowstep ('UARTLink._advance', 68, 'ms at', 30310, 'chunk', 234)
   slowstep ('UART._rx_level', 94, 'ms at', 30310, 'chunk', 234)
   slowstep ('UARTLink._advance', 235, 'ms at', 30592, 'chunk', 235)
   slowstep ('UART._rx_level', 236, 'ms at', 30593, 'chunk', 235)
   slowstep ('UARTLink._advance', 192, 'ms at', 30847, 'chunk', 235)
   slowstep ('UART._rx_level', 192, 'ms at', 30847, 'chunk', 235)
   slowstep ('UARTLink._advance', 85, 'ms at', 30997, 'chunk', 236)
   slowstep ('UARTLink._advance', 81, 'ms at', 31078, 'chunk', 236)
   slowstep ('UART._rx_level', 166, 'ms at', 31078, 'chunk', 236)
   slowstep ('UART._rx_level', 34, 'ms at', 31142, 'chunk', 236)
   slowstep ('UART._rx_level', 47, 'ms at', 31213, 'chunk', 237)
   slowstep ('UART._rx_level', 30, 'ms at', 31270, 'chunk', 237)
   slowstep ('UART._rx_level', 31, 'ms at', 31323, 'chunk', 238)
   slowstep ('UART._rx_level', 33, 'ms at', 31491, 'chunk', 239)
   slowstep ('UART._rx_level', 38, 'ms at', 31685, 'chunk', 241)
   slowstep ('UARTLink.transmit', 40, 'ms at', 31728, 'chunk', 242)
   slowstep ('UART._rx_level', 32, 'ms at', 31811, 'chunk', 242)
   slowstep ('UART._rx_level', 35, 'ms at', 31850, 'chunk', 243)
   slowstep ('UART._rx_level', 30, 'ms at', 31932, 'chunk', 244)
   slowstep ('UART._rx_level', 34, 'ms at', 32069, 'chunk', 245)
   slowstep ('UART._rx_level', 32, 'ms at', 32556, 'chunk', 251)
   slowstep ('UART._rx_level', 32, 'ms at', 32628, 'chunk', 252)
   slowstep ('UARTLink._advance', 31, 'ms at', 32756, 'chunk', 254)
   slowstep ('UART._rx_level', 31, 'ms at', 32756, 'chunk', 254)
   slowstep ('UARTLink._advance', 34, 'ms at', 32890, 'chunk', 255)
   slowstep ('UART._rx_level', 34, 'ms at', 32890, 'chunk', 255)
   long ('uart_set start', 'mem_free', 13962080)
   long ('init', 1864, True, 'mem_free before/after', 13934720, 13666784, 'chunk', 1, 't_since_set', 2011)
   long ('resp', 1824, True, 'mem_free before/after', 13777344, 13521088, 'chunk', 2, 't_since_set', 2917)
   long ('init', 1299, True, 'mem_free before/after', 13639136, 13389280, 'chunk', 2, 't_since_set', 3430)
   long ('resp', 666, True, 'mem_free before/after', 13494208, 13251296, 'chunk', 3, 't_since_set', 3689)
   long ('init', 237, True, 'mem_free before/after', 13361856, 13126624, 'chunk', 3, 't_since_set', 3754)
   long ('resp', 131, True, 'mem_free before/after', 13224640, 12988544, 'chunk', 4, 't_since_set', 3823)
   long ('init', 109, True, 'mem_free before/after', 13099200, 12863872, 'chunk', 4, 't_since_set', 3887)
   long ('resp', 121, True, 'mem_free before/after', 12961792, 12725856, 'chunk', 5, 't_since_set', 3989)
   long ('init', 137, True, 'mem_free before/after', 12836448, 12594624, 'chunk', 5, 't_since_set', 4046)
   long ('resp', 116, True, 'mem_free before/after', 12699168, 12456640, 'chunk', 6, 't_since_set', 4125)
   long ('init', 103, True, 'mem_free before/after', 12305184, 12070336, 'chunk', 7, 't_since_set', 4283)
   long ('resp', 119, True, 'mem_free before/after', 12168192, 11925824, 'chunk', 8, 't_since_set', 4358)
   long ('init', 119, True, 'mem_free before/after', 12042912, 11800960, 'chunk', 8, 't_since_set', 4426)
   long ('resp', 121, True, 'mem_free before/after', 10852992, 10611328, 'chunk', 13, 't_since_set', 4893)
   long ('init', 138, True, 'mem_free before/after', 10728160, 10486656, 'chunk', 13, 't_since_set', 4970)
   long ('resp', 109, True, 'mem_free before/after', 10584704, 10348832, 'chunk', 14, 't_since_set', 5031)
   long ('init', 103, True, 'mem_free before/after', 10196128, 9961344, 'chunk', 15, 't_since_set', 5196)
   long ('resp', 107, True, 'mem_free before/after', 9797312, 9560576, 'chunk', 17, 't_since_set', 5374)
   long ('resp', 115, True, 'mem_free before/after', 9272128, 9036512, 'chunk', 19, 't_since_set', 5622)
   long ('init', 144, True, 'mem_free before/after', 9147104, 8911840, 'chunk', 19, 't_since_set', 5702)
   long ('resp', 172, True, 'mem_free before/after', 9009888, 8773824, 'chunk', 20, 't_since_set', 5815)
   long ('init', 183, True, 'mem_free before/after', 8884416, 8649152, 'chunk', 20, 't_since_set', 5907)
   long ('resp', 134, True, 'mem_free before/after', 8747200, 8511552, 'chunk', 21, 't_since_set', 5971)
   long ('init', 105, True, 'mem_free before/after', 8359904, 8118752, 'chunk', 22, 't_since_set', 6139)
   long ('resp', 104, True, 'mem_free before/after', 8216608, 7980928, 'chunk', 23, 't_since_set', 6208)
   long ('resp', 109, True, 'mem_free before/after', 7168480, 6926624, 'chunk', 27, 't_since_set', 6625)
   long ('init', 129, True, 'mem_free before/after', 7043232, 6801984, 'chunk', 27, 't_since_set', 6690)
   long ('resp', 103, True, 'mem_free before/after', 6900000, 6664160, 'chunk', 28, 't_since_set', 6747)
   long ('init', 102, True, 'mem_free before/after', 6774560, 6539872, 'chunk', 28, 't_since_set', 6827)
   long ('init', 101, True, 'mem_free before/after', 1268640, 1033600, 'chunk', 49, 't_since_set', 8694)
   long ('resp', 108, True, 'mem_free before/after', 869408, 633984, 'chunk', 51, 't_since_set', 8874)
   long ('init', 109, True, 'mem_free before/after', 744576, 509504, 'chunk', 51, 't_since_set', 8928)
   long ('resp', 106, True, 'mem_free before/after', 607360, 371424, 'chunk', 52, 't_since_set', 9002)
   long ('init', 110, True, 'mem_free before/after', 219744, 15534080, 'chunk', 53, 't_since_set', 9180)
   long ('resp', 154, True, 'mem_free before/after', 83168, 15396256, 'chunk', 54, 't_since_set', 9255)
   long ('init', 114, True, 'mem_free before/after', 15244768, 15010304, 'chunk', 55, 't_since_set', 9426)
   long ('init', 108, True, 'mem_free before/after', 14982880, 14748288, 'chunk', 56, 't_since_set', 9550)
   long ('resp', 136, True, 'mem_free before/after', 14846112, 14610272, 'chunk', 57, 't_since_set', 9639)
   long ('init', 126, True, 'mem_free before/after', 14720864, 14485984, 'chunk', 57, 't_since_set', 9700)
   long ('resp', 226, True, 'mem_free before/after', 14583648, 14347968, 'chunk', 58, 't_since_set', 9888)
   long ('init', 513, True, 'mem_free before/after', 14458560, 14216608, 'chunk', 58, 't_since_set', 10234)
   long ('resp', 499, True, 'mem_free before/after', 14321344, 14078624, 'chunk', 59, 't_since_set', 10446)
   long ('init', 245, True, 'mem_free before/after', 14189184, 13954368, 'chunk', 59, 't_since_set', 10533)
   long ('resp', 106, True, 'mem_free before/after', 14052000, 13816736, 'chunk', 60, 't_since_set', 10579)
   long ('resp', 112, True, 'mem_free before/after', 13261760, 13020096, 'chunk', 63, 't_since_set', 10896)
   long ('resp', 124, True, 'mem_free before/after', 12732032, 12495392, 'chunk', 65, 't_since_set', 11122)
   long ('init', 129, True, 'mem_free before/after', 12605984, 12370912, 'chunk', 65, 't_since_set', 11182)
   long ('resp', 101, True, 'mem_free before/after', 9842848, 9601184, 'chunk', 76, 't_since_set', 12150)
   long ('init', 106, True, 'mem_free before/after', 9717792, 9476736, 'chunk', 76, 't_since_set', 12207)
   long ('init', 106, True, 'mem_free before/after', 9181152, 8945216, 'chunk', 78, 't_since_set', 12425)
   long ('resp', 135, True, 'mem_free before/after', 9044224, 8807264, 'chunk', 79, 't_since_set', 12511)
   long ('init', 208, True, 'mem_free before/after', 8917792, 8682656, 'chunk', 79, 't_since_set', 12658)
   long ('resp', 192, True, 'mem_free before/after', 8780640, 8544896, 'chunk', 80, 't_since_set', 12762)
   long ('init', 170, True, 'mem_free before/after', 8655232, 8420288, 'chunk', 80, 't_since_set', 12854)
   long ('resp', 133, True, 'mem_free before/after', 8518272, 8282720, 'chunk', 81, 't_since_set', 12935)
   long ('init', 102, True, 'mem_free before/after', 8392864, 8158304, 'chunk', 81, 't_since_set', 12978)
   long ('resp', 106, True, 'mem_free before/after', 7994144, 7758112, 'chunk', 83, 't_since_set', 13138)
   long ('resp', 102, True, 'mem_free before/after', 6941632, 6706304, 'chunk', 87, 't_since_set', 13529)
   long ('init', 106, True, 'mem_free before/after', 3937184, 3702848, 'chunk', 98, 't_since_set', 14558)
   long ('resp', 104, True, 'mem_free before/after', 3800640, 3565088, 'chunk', 99, 't_since_set', 14614)
   long ('resp', 113, True, 'mem_free before/after', 2491552, 2256224, 'chunk', 104, 't_since_set', 15130)
   long ('init', 120, True, 'mem_free before/after', 2366752, 2126048, 'chunk', 104, 't_since_set', 15194)
   long ('resp', 106, True, 'mem_free before/after', 2229600, 1988288, 'chunk', 105, 't_since_set', 15276)
   long ('init', 105, True, 'mem_free before/after', 2098624, 1864064, 'chunk', 105, 't_since_set', 15319)
   long ('resp', 101, True, 'mem_free before/after', 1961664, 1725984, 'chunk', 106, 't_since_set', 15401)
   long ('init', 111, True, 'mem_free before/after', 1836128, 1601760, 'chunk', 106, 't_since_set', 15450)
   long ('resp', 122, True, 'mem_free before/after', 1699360, 1462912, 'chunk', 107, 't_since_set', 15527)
   long ('init', 135, True, 'mem_free before/after', 1574336, 1332736, 'chunk', 107, 't_since_set', 15605)
   long ('resp', 113, True, 'mem_free before/after', 1436288, 1194784, 'chunk', 108, 't_since_set', 15676)
   long ('init', 103, True, 'mem_free before/after', 781824, 547296, 'chunk', 110, 't_since_set', 15922)
   long ('resp', 101, True, 'mem_free before/after', 645088, 409536, 'chunk', 111, 't_since_set', 15988)
   long ('resp', 111, True, 'mem_free before/after', 121568, 15406976, 'chunk', 113, 't_since_set', 16202)
   long ('resp', 183, True, 'mem_free before/after', 14582816, 14347296, 'chunk', 117, 't_since_set', 16688)
   long ('init', 422, True, 'mem_free before/after', 14458016, 14222496, 'chunk', 117, 't_since_set', 17007)
   long ('resp', 573, True, 'mem_free before/after', 14320672, 14084544, 'chunk', 118, 't_since_set', 17301)
   long ('init', 381, True, 'mem_free before/after', 14195072, 13959936, 'chunk', 118, 't_since_set', 17443)
   long ('resp', 180, True, 'mem_free before/after', 14057920, 13821984, 'chunk', 119, 't_since_set', 17514)
   long ('init', 116, True, 'mem_free before/after', 13932512, 13697760, 'chunk', 119, 't_since_set', 17573)
   long ('resp', 103, True, 'mem_free before/after', 11697888, 11456256, 'chunk', 128, 't_since_set', 18381)
   long ('init', 113, True, 'mem_free before/after', 11566400, 11329792, 'chunk', 128, 't_since_set', 18437)
   long ('init', 109, True, 'mem_free before/after', 10255360, 10020832, 'chunk', 133, 't_since_set', 18918)
   long ('resp', 117, True, 'mem_free before/after', 10118816, 9882880, 'chunk', 134, 't_since_set', 18996)
   long ('init', 133, True, 'mem_free before/after', 9993408, 9758464, 'chunk', 134, 't_since_set', 19065)
   long ('resp', 110, True, 'mem_free before/after', 9856256, 9620896, 'chunk', 135, 't_since_set', 19152)
   long ('init', 149, True, 'mem_free before/after', 9731040, 9496288, 'chunk', 135, 't_since_set', 19217)
   long ('resp', 125, True, 'mem_free before/after', 9594272, 9352288, 'chunk', 136, 't_since_set', 19281)
   long ('init', 101, True, 'mem_free before/after', 8938432, 8704096, 'chunk', 138, 't_since_set', 19562)
   long ('resp', 111, True, 'mem_free before/after', 8801696, 8566144, 'chunk', 139, 't_since_set', 19643)
   long ('init', 108, True, 'mem_free before/after', 8152992, 7918464, 'chunk', 141, 't_since_set', 19918)
   long ('resp', 101, True, 'mem_free before/after', 6701088, 6465568, 'chunk', 147, 't_since_set', 20511)
   long ('init', 103, True, 'mem_free before/after', 6576096, 6341152, 'chunk', 147, 't_since_set', 20563)
   long ('resp', 111, True, 'mem_free before/after', 6438944, 6203392, 'chunk', 148, 't_since_set', 20627)
   long ('resp', 102, True, 'mem_free before/after', 5908800, 5673472, 'chunk', 150, 't_since_set', 20841)
   long ('resp', 101, True, 'mem_free before/after', 3025408, 2790272, 'chunk', 161, 't_since_set', 21877)
   long ('resp', 226, True, 'mem_free before/after', 14553056, 14311584, 'chunk', 176, 't_since_set', 23302)
   long ('init', 509, True, 'mem_free before/after', 14422304, 14186080, 'chunk', 176, 't_since_set', 23648)
   long ('resp', 544, True, 'mem_free before/after', 14284960, 14047936, 'chunk', 177, 't_since_set', 23905)
   long ('init', 323, True, 'mem_free before/after', 14158656, 13923328, 'chunk', 177, 't_since_set', 24003)
   long ('resp', 159, True, 'mem_free before/after', 14021312, 13785568, 'chunk', 178, 't_since_set', 24078)
   long ('init', 119, True, 'mem_free before/after', 13895904, 13661344, 'chunk', 178, 't_since_set', 24142)
   long ('resp', 126, True, 'mem_free before/after', 12183328, 11948192, 'chunk', 185, 't_since_set', 24762)
   long ('init', 129, True, 'mem_free before/after', 12058528, 11817632, 'chunk', 185, 't_since_set', 24835)
   long ('resp', 111, True, 'mem_free before/after', 11921568, 11680064, 'chunk', 186, 't_since_set', 24912)
   long ('init', 105, True, 'mem_free before/after', 11790208, 11555840, 'chunk', 186, 't_since_set', 24966)
   long ('init', 106, True, 'mem_free before/after', 10476736, 10242400, 'chunk', 191, 't_since_set', 25486)
   long ('init', 101, True, 'mem_free before/after', 10214976, 9980448, 'chunk', 192, 't_since_set', 25610)
   long ('resp', 133, True, 'mem_free before/after', 10078432, 9842496, 'chunk', 193, 't_since_set', 25700)
   long ('init', 120, True, 'mem_free before/after', 9953024, 9717888, 'chunk', 193, 't_since_set', 25750)
   long ('resp', 116, True, 'mem_free before/after', 9815872, 9580128, 'chunk', 194, 't_since_set', 25819)
   long ('init', 109, True, 'mem_free before/after', 9690464, 9455712, 'chunk', 194, 't_since_set', 25896)
   long ('resp', 105, True, 'mem_free before/after', 9553504, 9318144, 'chunk', 195, 't_since_set', 25953)
   long ('init', 101, True, 'mem_free before/after', 9428288, 9193920, 'chunk', 195, 't_since_set', 26025)
   long ('init', 105, True, 'mem_free before/after', 9166496, 8932352, 'chunk', 196, 't_since_set', 26134)
   long ('resp', 129, True, 'mem_free before/after', 9029952, 8794400, 'chunk', 197, 't_since_set', 26218)
   long ('init', 127, True, 'mem_free before/after', 8904928, 8669984, 'chunk', 197, 't_since_set', 26297)
   long ('resp', 136, True, 'mem_free before/after', 8767776, 8525536, 'chunk', 198, 't_since_set', 26374)
   long ('init', 125, True, 'mem_free before/after', 8642560, 8401120, 'chunk', 198, 't_since_set', 26438)
   long ('resp', 104, True, 'mem_free before/after', 8498912, 8263360, 'chunk', 199, 't_since_set', 26502)
   long ('init', 106, True, 'mem_free before/after', 7327136, 7092800, 'chunk', 203, 't_since_set', 26976)
   long ('init', 105, True, 'mem_free before/after', 7065376, 6825280, 'chunk', 204, 't_since_set', 27085)
   long ('init', 110, True, 'mem_free before/after', 6274592, 6040256, 'chunk', 207, 't_since_set', 27398)
   long ('init', 106, True, 'mem_free before/after', 4706240, 4465952, 'chunk', 213, 't_since_set', 27981)
   long ('resp', 109, True, 'mem_free before/after', 4569504, 4328000, 'chunk', 214, 't_since_set', 28042)
   long ('init', 104, True, 'mem_free before/after', 4438528, 4197632, 'chunk', 214, 't_since_set', 28101)
   long ('resp', 102, True, 'mem_free before/after', 2973696, 2738560, 'chunk', 220, 't_since_set', 28677)
   long ('init', 112, True, 'mem_free before/after', 2848896, 2608384, 'chunk', 220, 't_since_set', 28741)
   long ('resp', 109, True, 'mem_free before/after', 861408, 626464, 'chunk', 228, 't_since_set', 29425)
   long ('init', 108, True, 'mem_free before/after', 475040, 240512, 'chunk', 229, 't_since_set', 29612)
   long ('resp', 155, True, 'mem_free before/after', 338304, 101536, 'chunk', 230, 't_since_set', 29702)
   long ('init', 121, True, 'mem_free before/after', 212064, 15442976, 'chunk', 230, 't_since_set', 29755)
   long ('resp', 116, True, 'mem_free before/after', 15278816, 15037248, 'chunk', 232, 't_since_set', 29929)
   long ('init', 104, True, 'mem_free before/after', 15153824, 14906176, 'chunk', 232, 't_since_set', 29985)
   long ('resp', 140, True, 'mem_free before/after', 14742016, 14506688, 'chunk', 234, 't_since_set', 30187)
   long ('init', 205, True, 'mem_free before/after', 14617216, 14382080, 'chunk', 234, 't_since_set', 30320)
   long ('resp', 392, True, 'mem_free before/after', 14480064, 14237632, 'chunk', 235, 't_since_set', 30607)
   long ('init', 522, True, 'mem_free before/after', 14354656, 14107072, 'chunk', 235, 't_since_set', 30867)
   long ('resp', 426, True, 'mem_free before/after', 14211008, 13968928, 'chunk', 236, 't_since_set', 31098)
   long ('init', 232, True, 'mem_free before/after', 14079648, 13844512, 'chunk', 236, 't_since_set', 31143)
   long ('resp', 108, True, 'mem_free before/after', 13942304, 13706752, 'chunk', 237, 't_since_set', 31215)
   long ('init', 106, True, 'mem_free before/after', 13817088, 13582336, 'chunk', 237, 't_since_set', 31271)
   long ('init', 105, True, 'mem_free before/after', 13293376, 13053984, 'chunk', 239, 't_since_set', 31509)
   long ('resp', 106, True, 'mem_free before/after', 12620448, 12385120, 'chunk', 242, 't_since_set', 31766)
   long ('uart_set end', 32891, 'ms')
test file /tmp/claude-0/-home-user-sensors/185d5b0e-d0ae-57c0-8798-ed52081f7df8/scratchpad/u13rc/fix_uart/test_digital_twin_uart_link.py
fails 0 / 3
fixed probe exit 0
